lookback,take_profit_pct,stop_loss_pct,max_hold_bars,trend_ema_period,total_return_pct,n_trades,win_rate_pct,avg_return_per_trade_pct,final_capital,tp_hits,sl_hits,timeouts
30,0.006,0.002,45,120.0,-9.3,98,37.8,0.0006,9070.0,6,33,59
30,0.006,0.0015,45,120.0,-9.3,101,36.6,0.0036,9070.0,6,45,50
30,0.006,0.0015,45,60.0,-9.68,119,39.5,0.0147,9032.0,7,51,61
30,0.004,0.0015,45,120.0,-10.13,105,37.1,-0.0015,8987.0,10,47,48
30,0.006,0.0015,45,,-10.28,130,41.5,0.0168,8972.0,7,54,69
30,0.006,0.002,45,60.0,-10.44,117,39.3,0.0061,8956.0,7,38,72
30,0.004,0.002,45,120.0,-10.52,103,37.9,-0.0077,8948.0,11,37,55
30,0.006,0.003,45,120.0,-10.63,96,39.6,-0.0168,8937.0,6,24,66
30,0.006,0.002,45,,-10.88,126,42.1,0.0092,8912.0,7,41,78
30,0.003,0.0015,45,120.0,-10.99,110,36.4,-0.0056,8901.0,21,50,39
30,0.006,0.0015,30,120.0,-11.14,119,40.3,0.001,8886.0,4,44,71
30,0.003,0.002,45,120.0,-11.26,107,37.4,-0.0115,8874.0,21,38,48
30,0.004,0.0015,45,60.0,-11.36,124,38.7,0.003,8864.0,13,55,56
30,0.006,0.002,30,120.0,-11.54,116,42.2,-0.0055,8846.0,4,33,79
30,0.004,0.0015,45,,-11.66,135,40.7,0.0084,8834.0,16,58,61
30,0.003,0.0015,45,60.0,-11.87,129,39.5,0.0022,8813.0,24,55,50
30,0.006,0.003,45,60.0,-11.88,115,41.7,-0.0097,8812.0,7,28,80
30,0.004,0.0015,30,120.0,-11.97,121,41.3,-0.0052,8803.0,8,44,69
30,0.006,0.003,45,,-12.0,123,43.9,-0.0032,8800.0,7,28,88
30,0.004,0.003,45,120.0,-12.11,101,39.6,-0.0276,8789.0,11,27,63
30,0.004,0.002,45,60.0,-12.18,122,38.5,-0.0062,8782.0,12,40,70
30,0.003,0.0015,30,120.0,-12.22,124,41.9,-0.0049,8778.0,18,44,62
30,0.006,0.003,30,120.0,-12.28,115,43.5,-0.0137,8772.0,4,21,90
20,0.006,0.0015,45,120.0,-12.33,122,32.8,-0.0077,8767.0,7,58,57
30,0.004,0.002,45,,-12.33,131,41.2,0.0002,8767.0,15,43,73
30,0.002,0.0015,45,120.0,-12.34,118,40.7,-0.0115,8766.0,30,51,37
30,0.003,0.002,45,60.0,-12.4,126,39.7,-0.0049,8760.0,23,40,63
30,0.004,0.002,30,120.0,-12.4,118,43.2,-0.012,8760.0,7,33,78
30,0.006,0.0015,30,60.0,-12.48,142,42.3,0.0064,8752.0,5,50,87
30,0.003,0.002,30,120.0,-12.62,121,43.8,-0.0114,8738.0,18,33,70
30,0.003,0.0015,45,,-12.75,142,40.8,0.0042,8725.0,27,60,55
30,0.003,0.003,45,120.0,-12.92,105,39.0,-0.0315,8708.0,21,28,56
20,0.006,0.002,45,120.0,-12.96,119,33.6,-0.0164,8704.0,7,47,65
20,0.004,0.0015,45,120.0,-12.98,127,33.9,-0.0093,8702.0,13,60,54
30,0.006,0.002,30,60.0,-13.06,140,43.6,0.0002,8694.0,5,41,94
30,0.003,0.002,45,,-13.11,137,42.3,-0.002,8689.0,26,45,66
5,0.006,0.002,45,120.0,-13.12,137,43.1,-0.0024,8688.0,9,52,76
30,0.004,0.003,30,120.0,-13.13,117,44.4,-0.0201,8687.0,7,21,89
30,0.002,0.002,45,120.0,-13.19,116,40.5,-0.0218,8681.0,30,41,45
30,0.006,0.0015,20,120.0,-13.23,136,41.9,-0.0042,8677.0,4,42,90
30,0.002,0.0015,45,60.0,-13.34,141,44.0,-0.0014,8666.0,41,58,42
15,0.006,0.002,45,120.0,-13.36,124,37.1,-0.0154,8664.0,7,47,70
20,0.006,0.0015,45,60.0,-13.38,145,36.6,0.0012,8662.0,8,69,68
30,0.003,0.003,30,120.0,-13.38,120,45.0,-0.0194,8662.0,18,20,82
5,0.006,0.003,45,120.0,-13.43,129,45.7,-0.0115,8657.0,9,26,94
15,0.006,0.0015,45,120.0,-13.5,130,33.1,-0.0114,8650.0,7,62,61
10,0.006,0.0015,45,120.0,-13.6,138,36.2,-0.0057,8640.0,8,65,65
30,0.004,0.0015,30,60.0,-13.6,145,42.1,-0.0006,8640.0,10,50,85
30,0.004,0.003,45,60.0,-13.72,120,40.8,-0.0227,8628.0,12,30,78
30,0.002,0.0015,30,120.0,-13.77,133,43.6,-0.0113,8623.0,28,48,57
30,0.004,0.0015,20,120.0,-13.8,139,42.4,-0.0067,8620.0,5,42,92
30,0.004,0.003,45,,-13.88,129,42.6,-0.0152,8612.0,15,30,84
30,0.006,0.0015,30,,-13.94,159,42.1,0.0058,8606.0,5,58,96
10,0.006,0.002,45,120.0,-13.97,133,39.8,-0.0129,8603.0,8,53,72
5,0.006,0.0015,45,120.0,-13.97,148,38.5,-0.0014,8603.0,9,72,67
20,0.004,0.002,45,120.0,-13.98,125,34.4,-0.0203,8602.0,14,51,60
30,0.002,0.003,45,120.0,-13.99,113,43.4,-0.0332,8601.0,31,26,56
30,0.003,0.0015,30,60.0,-13.99,150,43.3,-0.0003,8601.0,21,52,77
30,0.003,0.003,45,60.0,-13.99,124,41.9,-0.0213,8601.0,23,31,70
30,0.006,0.002,20,120.0,-14.04,136,42.6,-0.011,8596.0,4,32,100
30,0.002,0.002,45,60.0,-14.05,138,44.2,-0.0096,8595.0,41,44,53
20,0.003,0.0015,45,120.0,-14.1,130,33.1,-0.0167,8590.0,22,62,46
30,0.004,0.002,30,60.0,-14.1,143,43.4,-0.0061,8590.0,10,40,93
30,0.002,0.0015,45,,-14.11,153,46.4,0.0007,8589.0,45,61,47
15,0.004,0.0015,45,120.0,-14.14,135,34.1,-0.0128,8586.0,13,64,58
15,0.006,0.003,45,120.0,-14.15,120,40.8,-0.0268,8585.0,8,32,80
30,0.003,0.0015,20,120.0,-14.21,141,42.6,-0.0086,8579.0,11,43,87
10,0.006,0.003,45,120.0,-14.24,126,43.7,-0.0216,8576.0,9,29,88
15,0.004,0.002,45,120.0,-14.38,130,37.7,-0.0192,8562.0,14,51,65
30,0.006,0.002,30,,-14.4,156,44.2,0.0005,8560.0,5,44,107
10,0.004,0.0015,45,120.0,-14.42,143,37.1,-0.0087,8558.0,15,68,60
30,0.002,0.002,30,120.0,-14.51,131,44.3,-0.0195,8549.0,28,37,66
30,0.003,0.002,30,60.0,-14.56,148,44.6,-0.0062,8544.0,22,42,84
20,0.006,0.003,45,120.0,-14.58,116,35.3,-0.0356,8542.0,7,31,78
5,0.004,0.002,45,120.0,-14.59,142,42.3,-0.0108,8541.0,16,55,71
30,0.004,0.002,20,120.0,-14.6,139,43.2,-0.0134,8540.0,5,32,102
30,0.003,0.003,45,,-14.67,135,43.7,-0.0169,8533.0,26,30,79
20,0.006,0.002,45,60.0,-14.68,142,36.6,-0.0115,8532.0,8,56,78
30,0.006,0.003,30,60.0,-14.71,140,44.3,-0.0134,8529.0,5,27,108
30,0.006,0.0015,20,60.0,-14.76,164,41.5,0.0027,8524.0,5,45,114
30,0.002,0.002,45,,-14.84,149,47.0,-0.0074,8516.0,45,47,57
15,0.004,0.003,45,120.0,-14.85,124,42.7,-0.0293,8515.0,14,33,77
30,0.002,0.003,45,60.0,-14.88,135,47.4,-0.0192,8512.0,41,29,65
15,0.006,0.0015,45,60.0,-14.9,155,36.1,-0.0039,8510.0,8,76,71
30,0.002,0.0015,20,120.0,-14.92,146,43.8,-0.0106,8508.0,21,45,80
20,0.003,0.002,45,120.0,-14.96,127,33.9,-0.0274,8504.0,22,51,54
20,0.004,0.0015,45,60.0,-14.99,152,36.2,-0.0066,8501.0,18,74,60
30,0.004,0.0015,30,,-14.99,162,42.6,-0.0001,8501.0,11,57,94
30,0.004,0.0015,20,60.0,-15.01,165,41.8,0.0016,8499.0,8,44,113
5,0.004,0.003,45,120.0,-15.02,134,45.5,-0.0211,8498.0,16,28,90
20,0.006,0.0015,30,120.0,-15.03,143,36.4,-0.0137,8497.0,5,58,80
30,0.003,0.002,20,120.0,-15.04,141,43.3,-0.0155,8496.0,11,33,97
15,0.006,0.002,45,60.0,-15.08,148,39.2,-0.0102,8492.0,8,56,84
30,0.002,0.003,30,120.0,-15.13,130,45.4,-0.026,8487.0,29,22,79
5,0.004,0.0015,45,120.0,-15.16,153,39.2,-0.0073,8484.0,17,75,61
30,0.006,0.0015,20,,-15.22,180,43.3,0.0085,8478.0,5,47,128
10,0.004,0.002,45,120.0,-15.28,139,40.3,-0.019,8472.0,15,58,66
30,0.004,0.002,30,,-15.33,159,44.7,-0.0045,8467.0,11,42,106
10,0.003,0.0015,45,120.0,-15.34,148,37.2,-0.0124,8466.0,26,71,51
30,0.003,0.0015,30,,-15.35,166,44.0,-0.0002,8465.0,22,59,85
20,0.003,0.0015,45,60.0,-15.38,153,37.9,-0.009,8462.0,25,70,58
15,0.006,0.003,30,120.0,-15.44,145,44.1,-0.0154,8456.0,6,23,116
15,0.003,0.0015,45,120.0,-15.46,139,33.1,-0.0206,8454.0,22,67,50
15,0.006,0.002,30,120.0,-15.47,149,40.9,-0.0126,8453.0,6,46,97
15,0.003,0.002,45,120.0,-15.5,133,36.8,-0.0264,8450.0,22,52,59
15,0.006,0.0015,30,120.0,-15.5,154,37.7,-0.0091,8450.0,6,62,86
30,0.006,0.003,20,120.0,-15.52,136,42.6,-0.0238,8448.0,4,18,114
20,0.006,0.002,30,120.0,-15.52,140,39.3,-0.0203,8448.0,5,43,92
30,0.003,0.0015,20,60.0,-15.53,169,42.6,0.0003,8447.0,16,46,107
20,0.004,0.0015,30,120.0,-15.55,145,37.2,-0.0164,8445.0,10,58,77
30,0.003,0.002,30,,-15.6,162,45.7,-0.0045,8440.0,23,43,96
30,0.004,0.003,30,60.0,-15.64,143,44.1,-0.0187,8436.0,10,26,107
30,0.006,0.002,20,60.0,-15.7,164,41.5,-0.004,8430.0,5,32,127
30,0.004,0.0015,20,,-15.71,182,42.9,0.0062,8429.0,10,47,125
20,0.002,0.0015,45,120.0,-15.74,139,36.7,-0.0231,8426.0,31,65,43
10,0.004,0.003,45,120.0,-15.76,131,44.3,-0.0306,8424.0,15,32,84
30,0.002,0.0015,30,60.0,-15.79,162,44.4,-0.006,8421.0,35,58,69
30,0.002,0.002,20,120.0,-15.81,146,44.5,-0.0178,8419.0,21,34,91
20,0.004,0.003,45,120.0,-15.86,122,36.1,-0.0412,8414.0,14,34,74
30,0.004,0.002,20,60.0,-15.9,165,41.8,-0.0048,8410.0,8,31,126
20,0.003,0.0015,30,120.0,-15.95,148,37.8,-0.0172,8405.0,19,58,71
30,0.002,0.003,45,,-15.96,146,48.6,-0.0186,8404.0,46,29,71
10,0.006,0.0015,45,60.0,-15.96,163,37.4,-0.0065,8404.0,8,82,73
30,0.006,0.003,30,,-15.97,156,44.9,-0.0113,8403.0,5,29,122
30,0.004,0.003,20,120.0,-16.07,139,43.2,-0.0259,8393.0,5,18,116
20,0.004,0.002,30,120.0,-16.07,142,40.1,-0.0232,8393.0,9,43,90
20,0.004,0.002,45,60.0,-16.09,148,36.5,-0.0183,8391.0,17,58,73
15,0.003,0.003,45,120.0,-16.12,129,41.9,-0.036,8388.0,24,33,72
10,0.006,0.003,30,120.0,-16.16,154,41.6,-0.0142,8384.0,6,26,122
30,0.003,0.003,30,60.0,-16.16,148,45.3,-0.0189,8384.0,22,25,101
10,0.006,0.002,45,60.0,-16.21,156,40.4,-0.0131,8379.0,8,61,87
20,0.006,0.003,45,60.0,-16.22,138,39.1,-0.0279,8378.0,8,37,93
30,0.006,0.002,20,,-16.23,180,43.3,0.0018,8377.0,5,34,141
5,0.006,0.003,30,120.0,-16.26,170,43.5,-0.0041,8374.0,8,29,133
15,0.004,0.0015,45,60.0,-16.27,161,36.0,-0.0101,8373.0,17,79,65
15,0.004,0.003,30,120.0,-16.28,147,44.2,-0.0207,8372.0,10,23,114
20,0.003,0.002,30,120.0,-16.32,145,40.7,-0.0227,8368.0,18,42,85
15,0.004,0.002,30,120.0,-16.32,151,41.1,-0.0178,8368.0,10,46,95
15,0.004,0.0015,30,120.0,-16.33,156,37.8,-0.0141,8367.0,11,63,82
15,0.006,0.003,45,60.0,-16.37,142,42.3,-0.0256,8363.0,8,39,95
20,0.006,0.0015,20,120.0,-16.39,163,39.3,-0.0097,8361.0,5,52,106
5,0.003,0.0015,45,120.0,-16.41,162,38.9,-0.0105,8359.0,30,81,51
10,0.006,0.002,30,120.0,-16.41,160,38.8,-0.0118,8359.0,6,49,105
20,0.006,0.0015,45,,-16.41,177,36.2,-0.001,8359.0,10,88,79
30,0.003,0.0015,20,,-16.45,186,43.5,0.0035,8355.0,17,49,120
30,0.003,0.003,20,120.0,-16.45,141,43.3,-0.0273,8355.0,11,18,112
20,0.006,0.003,30,120.0,-16.47,139,41.0,-0.0292,8353.0,5,23,111
30,0.003,0.002,20,60.0,-16.49,169,42.6,-0.0065,8351.0,16,33,120
10,0.006,0.003,45,60.0,-16.58,147,44.2,-0.023,8342.0,8,36,103
20,0.003,0.002,45,60.0,-16.63,150,38.0,-0.0211,8337.0,24,56,70
30,0.002,0.002,30,60.0,-16.63,160,45.6,-0.0136,8337.0,35,44,81
15,0.003,0.002,30,120.0,-16.66,154,41.6,-0.0182,8334.0,20,45,89
15,0.003,0.003,30,120.0,-16.71,150,44.7,-0.0217,8329.0,20,24,106
30,0.004,0.003,30,,-16.71,159,45.3,-0.0148,8329.0,11,27,121
30,0.004,0.002,20,,-16.72,182,42.9,-0.0004,8328.0,10,34,138
20,0.003,0.003,45,120.0,-16.72,124,35.5,-0.0473,8328.0,22,33,69
5,0.006,0.0015,30,120.0,-16.73,186,40.3,0.0018,8327.0,7,71,108
30,0.002,0.0015,30,,-16.73,178,45.5,-0.0027,8327.0,40,63,75
30,0.004,0.0015,10,120.0,-16.75,185,44.9,0.001,8325.0,4,25,156
15,0.003,0.0015,30,120.0,-16.8,159,38.4,-0.0155,8320.0,20,63,76
5,0.003,0.002,45,120.0,-16.82,151,39.7,-0.0218,8318.0,28,58,65
20,0.004,0.0015,20,120.0,-16.89,166,39.8,-0.0113,8311.0,8,52,106
30,0.006,0.0015,10,120.0,-16.92,185,44.3,-0.0001,8308.0,1,26,158
10,0.006,0.0015,30,120.0,-16.93,168,35.1,-0.0102,8307.0,6,71,91
30,0.002,0.0015,20,60.0,-16.93,177,43.5,-0.0047,8307.0,26,48,103
15,0.004,0.002,45,60.0,-16.98,155,38.1,-0.0198,8302.0,17,60,78
30,0.003,0.0015,10,120.0,-17.01,186,44.6,-0.0002,8299.0,5,25,156
30,0.003,0.003,30,,-17.02,162,46.3,-0.015,8298.0,23,26,113
5,0.004,0.003,30,120.0,-17.03,172,44.2,-0.0083,8297.0,12,27,133
20,0.002,0.002,45,120.0,-17.1,137,36.5,-0.0367,8290.0,31,54,52
10,0.004,0.003,30,120.0,-17.13,156,41.7,-0.0202,8287.0,10,26,120
20,0.004,0.003,30,120.0,-17.13,141,41.8,-0.0331,8287.0,9,24,108
15,0.006,0.0015,20,120.0,-17.16,179,37.4,-0.005,8284.0,7,53,119
10,0.004,0.0015,45,60.0,-17.19,169,37.9,-0.0114,8281.0,17,84,68
5,0.003,0.003,45,120.0,-17.19,143,43.4,-0.0316,8281.0,28,31,84
20,0.006,0.002,20,120.0,-17.2,163,39.9,-0.0156,8280.0,5,39,119
20,0.006,0.0015,30,60.0,-17.2,171,38.0,-0.0102,8280.0,6,68,97
5,0.006,0.002,45,60.0,-17.22,166,41.6,-0.0136,8278.0,9,65,92
15,0.003,0.0015,45,60.0,-17.24,165,37.0,-0.0145,8276.0,25,78,62
30,0.004,0.002,10,120.0,-17.26,185,44.9,-0.0023,8274.0,4,17,164
5,0.006,0.003,45,60.0,-17.28,158,45.6,-0.0197,8272.0,10,36,112
10,0.002,0.0015,45,120.0,-17.31,159,39.6,-0.0194,8269.0,37,75,47
20,0.003,0.003,30,120.0,-17.32,144,42.4,-0.0319,8268.0,18,24,102
5,0.006,0.002,30,120.0,-17.32,180,42.2,-0.0055,8268.0,7,52,121
30,0.002,0.002,30,,-17.37,175,47.4,-0.0089,8263.0,40,46,89
30,0.002,0.003,20,120.0,-17.42,146,44.5,-0.031,8258.0,21,19,106
30,0.006,0.003,20,60.0,-17.42,164,41.5,-0.0165,8258.0,5,20,139
30,0.006,0.002,10,120.0,-17.43,185,44.3,-0.0034,8257.0,1,17,167
10,0.004,0.002,30,120.0,-17.43,162,38.9,-0.0181,8257.0,10,49,103
10,0.003,0.002,45,120.0,-17.44,146,37.7,-0.031,8256.0,25,61,60
15,0.002,0.0015,45,120.0,-17.47,151,35.8,-0.027,8253.0,32,72,47
15,0.006,0.0015,30,60.0,-17.48,182,39.6,-0.0053,8252.0,7,71,104
30,0.003,0.002,10,120.0,-17.52,186,44.6,-0.0034,8248.0,5,17,164
10,0.003,0.003,45,120.0,-17.52,138,42.0,-0.0393,8248.0,27,33,78
10,0.003,0.003,30,120.0,-17.52,160,41.9,-0.0201,8248.0,23,27,110
30,0.003,0.002,20,,-17.54,186,43.5,-0.0035,8246.0,17,36,133
30,0.004,0.003,20,60.0,-17.58,165,41.8,-0.017,8242.0,8,20,137
20,0.002,0.0015,30,120.0,-17.59,158,39.9,-0.0223,8241.0,29,62,67
30,0.002,0.0015,10,120.0,-17.61,189,43.9,-0.0024,8239.0,16,26,147
15,0.006,0.002,30,60.0,-17.62,177,41.2,-0.0093,8238.0,7,54,116
5,0.003,0.003,30,120.0,-17.63,175,45.7,-0.0106,8237.0,26,29,120
20,0.002,0.0015,45,60.0,-17.63,168,41.1,-0.0153,8237.0,43,78,47
5,0.004,0.0015,30,120.0,-17.68,188,40.4,-0.0033,8232.0,14,71,103
20,0.004,0.002,20,120.0,-17.69,166,40.4,-0.0171,8231.0,8,39,119
20,0.003,0.0015,20,120.0,-17.72,169,40.2,-0.0153,8228.0,12,53,104
20,0.004,0.003,45,60.0,-17.74,144,38.9,-0.0353,8226.0,17,39,88
20,0.004,0.0015,45,,-17.77,183,36.6,-0.0067,8223.0,21,91,71
30,0.004,0.003,10,120.0,-17.78,185,44.9,-0.0057,8222.0,4,10,171
10,0.003,0.002,30,120.0,-17.8,167,39.5,-0.0172,8220.0,23,50,94
15,0.002,0.002,45,120.0,-17.87,145,38.6,-0.0356,8213.0,34,56,55
15,0.006,0.002,20,120.0,-17.87,179,38.5,-0.0098,8213.0,7,37,135
30,0.002,0.0015,20,,-17.88,195,44.6,-0.0009,8212.0,31,50,114
30,0.002,0.002,20,60.0,-17.9,177,43.5,-0.0113,8210.0,26,33,118
10,0.003,0.0015,45,60.0,-17.9,174,39.7,-0.0132,8210.0,27,84,63
30,0.006,0.003,20,,-17.93,180,43.3,-0.0095,8207.0,5,20,155
15,0.004,0.0015,20,120.0,-17.93,182,38.5,-0.0084,8207.0,10,52,120
5,0.002,0.003,45,120.0,-17.93,154,48.1,-0.0281,8207.0,45,29,80
10,0.004,0.0015,30,120.0,-17.94,170,35.3,-0.0161,8206.0,11,72,87
10,0.006,0.0015,20,120.0,-17.94,198,36.9,0.0003,8206.0,8,55,135
30,0.006,0.003,10,120.0,-17.95,185,44.3,-0.0069,8205.0,1,10,174
10,0.004,0.002,45,60.0,-17.98,163,39.9,-0.0214,8202.0,17,64,82
30,0.002,0.003,30,60.0,-17.98,160,46.2,-0.0237,8202.0,36,26,98
15,0.003,0.002,45,60.0,-17.99,159,39.0,-0.0246,8201.0,24,60,75
20,0.004,0.0015,30,60.0,-18.01,174,37.9,-0.0139,8199.0,13,68,93
30,0.003,0.003,10,120.0,-18.04,186,44.6,-0.0069,8196.0,5,10,171
20,0.006,0.002,45,,-18.05,173,36.4,-0.0148,8195.0,10,72,91
5,0.006,0.0015,45,60.0,-18.05,179,37.4,-0.011,8195.0,9,95,75
20,0.003,0.003,45,60.0,-18.06,146,40.4,-0.0362,8194.0,24,37,85
30,0.002,0.002,10,120.0,-18.11,189,43.9,-0.0057,8189.0,16,17,156
20,0.006,0.002,30,60.0,-18.11,169,39.6,-0.018,8189.0,6,55,108
30,0.003,0.003,20,60.0,-18.14,169,42.6,-0.0183,8186.0,16,20,133
15,0.002,0.003,45,120.0,-18.14,138,42.0,-0.0448,8186.0,34,32,72
5,0.004,0.002,30,120.0,-18.17,182,42.3,-0.01,8183.0,12,50,120
20,0.002,0.003,45,120.0,-18.2,133,39.1,-0.0508,8180.0,32,33,68
20,0.002,0.002,30,120.0,-18.26,155,41.3,-0.03,8174.0,29,46,80
5,0.004,0.002,45,60.0,-18.29,170,42.9,-0.0186,8171.0,18,66,86
15,0.004,0.003,45,60.0,-18.33,149,40.9,-0.0356,8167.0,17,41,91
10,0.006,0.002,20,120.0,-18.37,196,38.3,-0.0034,8163.0,8,42,146
5,0.004,0.003,45,60.0,-18.38,162,46.9,-0.025,8162.0,19,35,108
10,0.003,0.0015,30,120.0,-18.39,175,36.0,-0.016,8161.0,24,73,78
30,0.004,0.003,20,,-18.45,182,42.9,-0.0119,8155.0,10,21,151
20,0.006,0.003,20,120.0,-18.49,163,40.5,-0.0253,8151.0,4,19,140
15,0.004,0.0015,30,60.0,-18.51,185,38.9,-0.0105,8149.0,14,70,101
20,0.003,0.002,20,120.0,-18.56,169,40.8,-0.0213,8144.0,12,40,117
30,0.002,0.003,30,,-18.57,175,48.0,-0.0172,8143.0,41,27,107
5,0.003,0.0015,30,120.0,-18.57,193,40.9,-0.0063,8143.0,26,74,93
15,0.004,0.002,20,120.0,-18.59,182,39.6,-0.0129,8141.0,10,36,136
15,0.004,0.002,30,60.0,-18.61,180,40.6,-0.0142,8139.0,14,53,113
10,0.004,0.003,45,60.0,-18.62,154,43.5,-0.0335,8138.0,17,39,98
15,0.002,0.0015,30,120.0,-18.62,169,39.6,-0.0218,8138.0,30,67,72
30,0.002,0.003,10,120.0,-18.63,189,43.9,-0.009,8137.0,16,10,163
20,0.003,0.0015,30,60.0,-18.7,180,39.4,-0.0148,8130.0,22,70,88
20,0.002,0.0015,20,120.0,-18.76,175,40.6,-0.0186,8124.0,23,56,96
20,0.006,0.0015,20,60.0,-18.76,198,38.9,-0.0048,8124.0,6,59,133
15,0.006,0.003,20,120.0,-18.77,179,39.1,-0.0159,8123.0,6,16,157
10,0.003,0.002,45,60.0,-18.83,168,41.1,-0.024,8117.0,26,65,77
10,0.002,0.003,45,120.0,-18.83,148,45.3,-0.0408,8117.0,39,31,78
20,0.004,0.002,30,60.0,-18.84,172,39.5,-0.0212,8116.0,13,54,105
20,0.002,0.002,45,60.0,-18.84,164,41.5,-0.0271,8116.0,43,62,59
15,0.002,0.003,30,120.0,-18.86,160,44.4,-0.0305,8114.0,31,25,104
10,0.002,0.002,45,120.0,-18.87,157,41.4,-0.033,8113.0,37,62,58
10,0.006,0.003,20,120.0,-18.87,193,39.4,-0.0082,8113.0,8,18,167
5,0.003,0.002,30,120.0,-18.88,186,42.5,-0.0123,8112.0,25,53,108
5,0.002,0.002,45,120.0,-18.9,167,43.7,-0.0253,8110.0,45,62,60
5,0.004,0.0015,45,60.0,-18.91,183,39.3,-0.0143,8109.0,18,95,70
15,0.002,0.002,30,120.0,-18.91,164,41.5,-0.0277,8109.0,30,48,86
30,0.002,0.002,20,,-18.94,195,44.6,-0.0076,8106.0,31,36,128
20,0.004,0.0015,20,60.0,-18.95,199,39.2,-0.0054,8105.0,11,58,130
15,0.003,0.0015,20,120.0,-19.0,185,38.9,-0.0138,8100.0,14,55,116
10,0.003,0.003,45,60.0,-19.01,159,45.9,-0.0324,8099.0,27,39,93
10,0.004,0.0015,20,120.0,-19.04,201,37.8,-0.0049,8096.0,11,54,136
20,0.004,0.003,20,120.0,-19.06,165,40.6,-0.028,8094.0,6,19,140
20,0.003,0.0015,45,,-19.11,187,37.4,-0.0133,8089.0,27,90,70
5,0.002,0.0015,45,120.0,-19.12,184,42.4,-0.0152,8088.0,50,91,43
20,0.004,0.002,45,,-19.21,178,37.1,-0.0196,8079.0,20,73,85
30,0.003,0.003,20,,-19.22,186,43.5,-0.0146,8078.0,17,21,148
15,0.003,0.0015,30,60.0,-19.26,191,40.3,-0.0118,8074.0,23,73,95
15,0.003,0.003,45,60.0,-19.28,153,41.8,-0.0398,8072.0,24,41,88
20,0.002,0.003,30,120.0,-19.31,154,42.9,-0.0391,8069.0,30,27,97
10,0.006,0.002,30,60.0,-19.34,188,38.8,-0.0141,8066.0,6,56,126
15,0.006,0.003,30,60.0,-19.36,175,42.3,-0.0227,8064.0,7,31,137
15,0.006,0.0015,45,,-19.38,201,34.3,-0.007,8062.0,12,102,87
15,0.003,0.002,30,60.0,-19.39,186,41.9,-0.0157,8061.0,25,55,106
10,0.004,0.002,20,120.0,-19.43,199,39.2,-0.0084,8057.0,11,41,147
20,0.003,0.002,30,60.0,-19.48,178,41.0,-0.0215,8052.0,22,55,101
15,0.004,0.003,20,120.0,-19.59,181,39.8,-0.0203,8041.0,8,16,157
30,0.002,0.003,20,60.0,-19.69,177,43.5,-0.0237,8031.0,26,21,130
20,0.002,0.002,20,120.0,-19.69,175,41.1,-0.0252,8031.0,23,42,110
15,0.002,0.0015,45,60.0,-19.7,183,39.9,-0.0198,8030.0,45,88,50
10,0.002,0.003,30,120.0,-19.7,170,42.9,-0.0289,8030.0,33,27,110
30,0.006,0.0015,10,60.0,-19.73,227,42.3,0.0033,8027.0,2,25,200
15,0.003,0.002,20,120.0,-19.77,185,40.0,-0.0189,8023.0,14,39,132
20,0.003,0.003,20,120.0,-19.77,168,41.1,-0.0309,8023.0,11,19,138
20,0.006,0.003,30,60.0,-19.79,169,40.8,-0.0303,8021.0,6,30,133
5,0.006,0.002,30,60.0,-19.79,208,42.3,-0.0058,8021.0,8,62,138
10,0.006,0.0015,30,60.0,-19.79,197,37.1,-0.0117,8021.0,6,83,108
5,0.006,0.003,30,60.0,-19.83,200,43.5,-0.0103,8017.0,8,35,157
20,0.006,0.002,20,60.0,-19.85,198,38.9,-0.0116,8015.0,6,42,150
15,0.006,0.0015,20,60.0,-19.88,213,38.5,-0.0039,8012.0,6,59,148
20,0.003,0.0015,20,60.0,-19.89,204,40.2,-0.0086,8011.0,18,60,126
10,0.004,0.003,20,120.0,-19.94,196,40.3,-0.0133,8006.0,11,18,167
30,0.004,0.0015,10,60.0,-19.94,227,42.3,0.0021,8006.0,6,25,196
15,0.002,0.002,45,60.0,-19.95,174,42.5,-0.0277,8005.0,47,65,62
5,0.003,0.0015,45,60.0,-19.97,191,39.8,-0.0165,8003.0,29,98,64
5,0.003,0.003,45,60.0,-19.99,169,46.7,-0.0317,8001.0,29,40,100
20,0.004,0.002,20,60.0,-19.99,199,39.2,-0.0119,8001.0,11,41,147
20,0.006,0.003,45,,-20.02,167,37.7,-0.0334,7998.0,10,47,110
15,0.004,0.002,45,,-20.03,195,40.0,-0.0144,7997.0,22,76,97
15,0.004,0.0015,45,,-20.04,207,36.7,-0.0078,7996.0,23,103,81
20,0.002,0.003,45,60.0,-20.12,160,44.4,-0.0402,7988.0,43,39,78
10,0.002,0.0015,45,60.0,-20.12,193,42.0,-0.0163,7988.0,49,92,52
20,0.002,0.0015,30,60.0,-20.13,191,41.4,-0.0176,7987.0,37,75,79
15,0.004,0.0015,20,60.0,-20.15,214,39.3,-0.005,7985.0,11,59,144
15,0.004,0.003,30,60.0,-20.2,178,41.6,-0.0265,7980.0,14,30,134
5,0.006,0.0015,30,60.0,-20.28,220,40.5,-0.0028,7972.0,8,89,123
30,0.006,0.002,10,60.0,-20.29,227,42.3,0.0002,7971.0,2,17,208
10,0.006,0.003,30,60.0,-20.29,184,40.2,-0.023,7971.0,6,34,144
20,0.006,0.0015,10,120.0,-20.3,219,42.0,-0.0035,7970.0,2,30,187
20,0.004,0.0015,10,120.0,-20.33,219,42.5,-0.0037,7967.0,6,29,184
5,0.003,0.002,45,60.0,-20.34,180,42.2,-0.0261,7966.0,28,69,83
30,0.003,0.0015,10,60.0,-20.38,229,41.9,0.0006,7962.0,9,26,194
10,0.003,0.0015,20,120.0,-20.38,205,38.0,-0.011,7962.0,18,58,129
5,0.002,0.003,30,120.0,-20.4,189,45.5,-0.0206,7960.0,43,29,117
10,0.004,0.002,30,60.0,-20.43,191,38.7,-0.0195,7957.0,13,56,122
15,0.002,0.0015,20,120.0,-20.45,192,39.1,-0.019,7955.0,25,58,109
10,0.002,0.002,30,120.0,-20.46,178,39.9,-0.0284,7954.0,33,54,91
15,0.006,0.002,45,,-20.48,192,36.5,-0.0191,7952.0,12,80,100
30,0.004,0.002,10,60.0,-20.51,227,42.3,-0.001,7949.0,6,17,204
20,0.004,0.003,30,60.0,-20.54,172,40.7,-0.0335,7946.0,13,30,129
15,0.003,0.003,20,120.0,-20.62,184,40.2,-0.0254,7938.0,13,17,154
15,0.006,0.002,20,60.0,-20.62,213,39.0,-0.0082,7938.0,6,38,169
20,0.003,0.002,45,,-20.64,183,37.7,-0.0262,7936.0,26,72,85
15,0.004,0.003,45,,-20.66,185,42.7,-0.0248,7934.0,22,46,117
10,0.006,0.002,45,,-20.7,213,39.0,-0.0086,7930.0,14,83,116
10,0.002,0.0015,30,120.0,-20.72,187,37.4,-0.0241,7928.0,34,78,75
20,0.003,0.0015,10,120.0,-20.74,220,42.3,-0.0056,7926.0,7,29,184
10,0.004,0.0015,30,60.0,-20.74,200,37.0,-0.0161,7926.0,13,82,105
20,0.006,0.002,10,120.0,-20.74,219,42.0,-0.006,7926.0,2,17,200
10,0.002,0.002,45,60.0,-20.75,185,43.8,-0.0256,7925.0,50,69,66
30,0.002,0.003,20,,-20.76,195,44.6,-0.0192,7924.0,31,22,142
20,0.004,0.002,10,120.0,-20.77,219,42.5,-0.0062,7923.0,6,17,196
5,0.006,0.002,20,120.0,-20.82,222,38.3,-0.005,7918.0,6,42,174
5,0.004,0.002,30,60.0,-20.83,210,42.9,-0.011,7917.0,17,61,132
5,0.004,0.003,30,60.0,-20.84,202,44.1,-0.0154,7916.0,17,35,150
10,0.003,0.002,20,120.0,-20.84,203,39.4,-0.015,7916.0,17,45,141
20,0.002,0.0015,45,,-20.85,201,40.8,-0.0162,7915.0,49,94,58
15,0.002,0.003,45,60.0,-20.86,167,46.1,-0.0399,7914.0,46,42,79
15,0.004,0.002,20,60.0,-20.89,214,39.7,-0.0093,7911.0,11,38,165
30,0.003,0.002,10,60.0,-20.89,229,41.9,-0.0022,7911.0,9,17,203
20,0.006,0.0015,30,,-20.93,208,37.5,-0.0127,7907.0,6,86,116
30,0.002,0.0015,10,60.0,-20.93,232,41.8,-0.0012,7907.0,19,25,188
30,0.006,0.003,10,60.0,-20.94,227,42.3,-0.0034,7906.0,2,11,214
20,0.003,0.002,20,60.0,-20.99,204,40.2,-0.0154,7901.0,18,43,143
20,0.002,0.003,20,120.0,-21.03,174,41.4,-0.0355,7897.0,22,21,131
15,0.006,0.003,45,,-21.03,182,39.0,-0.0294,7897.0,13,50,119
10,0.003,0.002,30,60.0,-21.08,197,40.6,-0.02,7892.0,25,59,113
15,0.006,0.0015,10,120.0,-21.1,241,44.4,0.0018,7890.0,3,28,210
20,0.004,0.003,45,,-21.13,172,38.4,-0.0377,7887.0,19,46,107
30,0.004,0.003,10,60.0,-21.15,227,42.3,-0.0046,7885.0,6,11,210
20,0.003,0.003,30,60.0,-21.15,178,42.1,-0.0333,7885.0,22,30,126
15,0.002,0.0015,30,60.0,-21.17,202,41.1,-0.0176,7883.0,38,79,85
20,0.003,0.002,10,120.0,-21.18,220,42.3,-0.0081,7882.0,7,17,196
15,0.003,0.003,30,60.0,-21.21,184,42.9,-0.0293,7879.0,25,32,127
15,0.002,0.002,20,120.0,-21.21,192,40.1,-0.024,7879.0,26,41,125
10,0.002,0.003,45,60.0,-21.23,177,48.6,-0.0346,7877.0,51,40,86
30,0.006,0.0015,10,,-21.24,248,43.1,0.0038,7876.0,2,27,219
20,0.004,0.0015,30,,-21.24,208,38.9,-0.0146,7876.0,13,83,112
10,0.003,0.0015,30,60.0,-21.25,206,38.8,-0.0158,7875.0,24,85,97
15,0.003,0.0015,20,60.0,-21.26,219,39.7,-0.009,7874.0,18,63,138
5,0.004,0.0015,30,60.0,-21.28,222,41.0,-0.0076,7872.0,17,87,118
10,0.006,0.0015,45,,-21.3,229,35.8,-0.0044,7870.0,14,120,95
10,0.004,0.003,30,60.0,-21.31,187,40.1,-0.028,7869.0,13,34,140
5,0.002,0.0015,30,120.0,-21.34,212,42.5,-0.0131,7866.0,46,83,83
10,0.003,0.003,20,120.0,-21.36,200,40.5,-0.02,7864.0,17,19,164
20,0.006,0.003,10,120.0,-21.37,219,42.0,-0.0097,7863.0,2,10,207
15,0.004,0.0015,10,120.0,-21.37,241,44.8,0.0003,7863.0,7,27,207
5,0.006,0.0015,20,120.0,-21.37,230,37.0,-0.0044,7863.0,6,63,161
20,0.004,0.003,10,120.0,-21.4,219,42.5,-0.0099,7860.0,6,10,203
30,0.004,0.0015,10,,-21.45,248,43.1,0.0028,7855.0,6,27,215
20,0.002,0.0015,20,60.0,-21.47,212,40.1,-0.0139,7853.0,29,63,120
20,0.002,0.002,30,60.0,-21.47,189,42.3,-0.0277,7853.0,37,58,94
15,0.006,0.002,10,120.0,-21.49,241,44.4,-0.0003,7851.0,3,17,221
30,0.002,0.002,10,60.0,-21.49,232,41.8,-0.0042,7851.0,19,17,196
5,0.006,0.002,45,,-21.49,242,41.7,0.0003,7851.0,15,92,135
30,0.003,0.003,10,60.0,-21.53,229,41.9,-0.0058,7847.0,9,11,209
20,0.006,0.003,20,60.0,-21.54,198,39.4,-0.0223,7846.0,5,23,170
10,0.004,0.002,45,,-21.57,218,40.8,-0.0112,7843.0,24,83,111
10,0.002,0.0015,20,120.0,-21.62,212,39.6,-0.0148,7838.0,28,59,125
5,0.002,0.003,45,60.0,-21.64,186,48.9,-0.0309,7836.0,57,39,90
5,0.002,0.002,30,120.0,-21.69,201,43.3,-0.0215,7831.0,43,57,101
5,0.006,0.0015,45,,-21.7,260,39.2,0.0062,7830.0,16,127,117
15,0.003,0.0015,10,120.0,-21.71,242,44.6,-0.0011,7829.0,9,27,206
20,0.002,0.0015,10,120.0,-21.71,224,41.5,-0.0092,7829.0,18,31,175
15,0.002,0.002,30,60.0,-21.71,197,43.1,-0.0241,7829.0,38,58,101
20,0.004,0.003,20,60.0,-21.72,198,39.4,-0.0235,7828.0,9,23,166
5,0.006,0.003,45,,-21.75,223,43.9,-0.0097,7825.0,13,52,158
15,0.004,0.002,10,120.0,-21.76,241,44.8,-0.0017,7824.0,7,17,217
30,0.006,0.002,10,,-21.79,248,43.1,0.001,7821.0,2,18,228
20,0.003,0.003,10,120.0,-21.8,220,42.3,-0.0117,7820.0,7,10,203
10,0.006,0.003,45,,-21.86,202,41.1,-0.0218,7814.0,15,50,137
30,0.003,0.0015,10,,-21.87,250,42.8,0.0014,7813.0,9,28,213
20,0.003,0.0015,30,,-21.88,214,39.7,-0.0152,7812.0,24,84,106
5,0.004,0.002,20,120.0,-21.9,225,39.1,-0.0097,7810.0,8,43,174
20,0.006,0.002,30,,-21.9,204,39.2,-0.021,7810.0,6,64,134
5,0.006,0.003,20,120.0,-21.94,219,38.8,-0.0129,7806.0,6,19,194
15,0.006,0.003,10,120.0,-21.95,241,44.4,-0.0027,7805.0,3,10,228
15,0.006,0.003,20,60.0,-21.95,213,39.4,-0.0161,7805.0,5,21,187
5,0.002,0.002,45,60.0,-21.98,198,44.4,-0.0252,7802.0,56,74,68
30,0.004,0.002,10,,-21.99,248,43.1,-0.0001,7801.0,6,18,224
5,0.003,0.003,30,60.0,-22.03,210,44.8,-0.0183,7797.0,30,36,144
15,0.003,0.002,10,120.0,-22.1,242,44.6,-0.0031,7790.0,9,17,216
15,0.002,0.003,20,120.0,-22.11,191,40.3,-0.0307,7789.0,25,18,148
30,0.002,0.003,10,60.0,-22.13,232,41.8,-0.0077,7787.0,19,11,202
15,0.003,0.002,20,60.0,-22.14,219,40.2,-0.0141,7786.0,18,42,159
20,0.002,0.002,10,120.0,-22.18,224,41.5,-0.0119,7782.0,18,18,188
10,0.002,0.002,20,120.0,-22.18,211,40.8,-0.0187,7782.0,30,45,136
5,0.002,0.0015,45,60.0,-22.19,216,42.6,-0.016,7781.0,59,107,50
15,0.004,0.003,10,120.0,-22.21,241,44.8,-0.0041,7779.0,7,10,224
10,0.003,0.003,30,60.0,-22.21,193,42.0,-0.0299,7779.0,25,36,132
20,0.004,0.002,30,,-22.25,205,40.5,-0.0226,7775.0,13,61,131
5,0.003,0.002,30,60.0,-22.26,219,42.9,-0.0148,7774.0,29,65,125
20,0.002,0.002,45,,-22.27,196,41.3,-0.0283,7773.0,49,75,72
15,0.004,0.003,20,60.0,-22.29,213,39.9,-0.0182,7771.0,9,21,183
10,0.006,0.002,20,60.0,-22.3,234,38.5,-0.0077,7770.0,6,42,186
5,0.003,0.002,20,120.0,-22.3,227,39.6,-0.011,7770.0,18,45,164
20,0.006,0.0015,20,,-22.33,238,38.7,-0.006,7767.0,6,71,161
10,0.004,0.0015,45,,-22.35,234,37.6,-0.0079,7765.0,25,120,89
30,0.003,0.002,10,,-22.37,250,42.8,-0.0012,7763.0,9,18,223
30,0.002,0.0015,10,,-22.39,253,42.7,-0.0001,7761.0,21,27,205
20,0.004,0.0015,20,,-22.44,239,38.9,-0.0062,7756.0,14,70,155
30,0.006,0.003,10,,-22.49,248,43.1,-0.0026,7751.0,2,11,235
5,0.004,0.0015,20,120.0,-22.51,232,37.5,-0.0098,7749.0,8,63,161
15,0.006,0.0015,30,,-22.54,239,37.7,-0.0067,7746.0,10,97,132
15,0.003,0.003,10,120.0,-22.55,242,44.6,-0.0055,7745.0,9,10,223
10,0.006,0.0015,20,60.0,-22.56,238,37.4,-0.0073,7744.0,6,70,162
5,0.003,0.0015,30,60.0,-22.57,231,41.6,-0.0106,7743.0,28,92,111
10,0.004,0.002,20,60.0,-22.59,235,39.1,-0.0088,7741.0,11,42,182
20,0.003,0.003,20,60.0,-22.6,203,40.4,-0.0261,7740.0,17,23,163
15,0.002,0.0015,10,120.0,-22.6,245,44.1,-0.0045,7740.0,20,28,197
20,0.003,0.003,45,,-22.61,177,38.4,-0.0445,7739.0,25,45,107
20,0.002,0.002,20,60.0,-22.62,212,40.1,-0.0208,7738.0,29,44,139
10,0.004,0.003,45,,-22.63,206,43.2,-0.0242,7737.0,25,49,132
15,0.003,0.0015,45,,-22.65,213,35.7,-0.0204,7735.0,29,107,77
30,0.004,0.003,10,,-22.69,248,43.1,-0.0037,7731.0,6,11,231
15,0.006,0.002,30,,-22.73,231,39.8,-0.0114,7727.0,10,69,152
10,0.002,0.003,20,120.0,-22.75,208,41.8,-0.024,7725.0,30,19,159
15,0.003,0.002,45,,-22.77,201,38.8,-0.0284,7723.0,27,80,94
5,0.004,0.002,45,,-22.8,245,43.3,-0.0054,7720.0,28,89,128
20,0.003,0.002,30,,-22.81,211,41.2,-0.0226,7719.0,23,61,127
10,0.004,0.0015,20,60.0,-22.88,239,38.1,-0.0086,7712.0,11,69,159
20,0.002,0.003,10,120.0,-22.88,224,41.5,-0.0159,7712.0,18,11,195
30,0.002,0.002,10,,-22.93,253,42.7,-0.0029,7707.0,21,18,214
5,0.003,0.0015,20,120.0,-22.98,235,38.3,-0.011,7702.0,20,64,151
5,0.003,0.003,20,120.0,-22.99,223,40.4,-0.017,7701.0,18,19,186
15,0.002,0.002,10,120.0,-22.99,245,44.1,-0.0065,7701.0,20,17,208
5,0.004,0.003,20,120.0,-22.99,222,39.6,-0.0175,7701.0,8,19,195
15,0.004,0.0015,30,,-23.03,239,39.3,-0.0093,7697.0,17,95,127
30,0.003,0.003,10,,-23.06,250,42.8,-0.0048,7694.0,9,11,230
15,0.003,0.003,45,,-23.07,191,41.9,-0.0371,7693.0,29,48,114
15,0.004,0.002,30,,-23.1,231,41.6,-0.0135,7690.0,17,66,148
20,0.002,0.003,30,60.0,-23.11,189,43.4,-0.0388,7689.0,39,32,118
20,0.002,0.0015,30,,-23.12,226,41.6,-0.0162,7688.0,48,87,91
10,0.006,0.003,20,60.0,-23.13,231,39.0,-0.0137,7687.0,6,23,202
15,0.002,0.003,30,60.0,-23.24,195,44.1,-0.0355,7676.0,40,32,123
15,0.002,0.0015,20,60.0,-23.26,228,39.0,-0.016,7674.0,30,67,131
10,0.004,0.003,20,60.0,-23.42,232,39.7,-0.0148,7658.0,11,23,198
15,0.003,0.003,20,60.0,-23.43,218,40.4,-0.0223,7657.0,17,22,179
15,0.002,0.003,10,120.0,-23.43,245,44.1,-0.0089,7657.0,20,10,215
20,0.006,0.0015,10,60.0,-23.49,268,40.7,0.0002,7651.0,3,31,234
20,0.003,0.0015,20,,-23.56,244,39.3,-0.01,7644.0,19,72,153
5,0.004,0.0015,45,,-23.58,266,41.4,-0.0009,7642.0,29,127,110
15,0.006,0.003,30,,-23.6,225,41.8,-0.0194,7640.0,10,38,177
30,0.002,0.003,10,,-23.63,253,42.7,-0.0064,7637.0,21,11,221
20,0.006,0.002,20,,-23.65,237,38.8,-0.0137,7635.0,6,53,178
20,0.006,0.003,30,,-23.66,202,40.6,-0.0334,7634.0,6,38,158
10,0.002,0.002,30,60.0,-23.67,212,41.0,-0.0272,7633.0,42,63,107
20,0.002,0.003,45,,-23.68,189,43.4,-0.0427,7632.0,48,45,96
5,0.004,0.003,45,,-23.71,230,44.3,-0.0174,7629.0,27,51,152
20,0.004,0.002,20,,-23.72,238,39.1,-0.0136,7628.0,14,52,172
10,0.002,0.0015,30,60.0,-23.73,220,38.6,-0.023,7627.0,41,93,86
15,0.004,0.003,30,,-23.79,225,43.6,-0.0205,7621.0,17,36,172
10,0.003,0.0015,20,60.0,-23.81,243,38.7,-0.0118,7619.0,20,72,151
15,0.002,0.0015,45,,-23.82,233,40.3,-0.0166,7618.0,58,110,65
10,0.003,0.002,20,60.0,-23.83,240,39.6,-0.0133,7617.0,21,46,173
20,0.004,0.0015,10,60.0,-23.88,268,40.7,-0.0017,7612.0,8,31,229
20,0.004,0.003,30,,-23.89,203,41.9,-0.0342,7611.0,13,36,154
5,0.002,0.002,20,120.0,-23.98,239,40.2,-0.0146,7602.0,38,48,153
15,0.002,0.002,20,60.0,-24.03,228,39.5,-0.0204,7597.0,31,43,154
10,0.002,0.003,30,60.0,-24.03,206,42.7,-0.0332,7597.0,43,34,129
20,0.006,0.002,10,60.0,-24.07,268,40.7,-0.0026,7593.0,3,19,246
15,0.003,0.002,30,,-24.07,236,41.5,-0.0165,7593.0,29,66,141
10,0.006,0.0015,10,120.0,-24.07,279,44.8,0.0014,7593.0,2,36,241
20,0.002,0.002,30,,-24.08,222,42.8,-0.0239,7592.0,48,64,110
10,0.004,0.0015,10,120.0,-24.13,279,45.2,0.0011,7587.0,6,35,238
15,0.002,0.002,45,,-24.21,222,42.8,-0.0247,7579.0,59,83,80
5,0.002,0.003,30,60.0,-24.21,224,46.9,-0.0236,7579.0,52,36,136
15,0.002,0.003,45,,-24.22,208,46.2,-0.0331,7578.0,57,47,104
15,0.003,0.0015,30,,-24.29,245,39.2,-0.0134,7571.0,28,98,119
10,0.003,0.0015,45,,-24.29,245,38.8,-0.0134,7571.0,38,126,81
20,0.002,0.003,20,60.0,-24.3,211,40.3,-0.0318,7570.0,28,25,158
10,0.006,0.002,30,,-24.37,261,41.4,-0.0068,7563.0,12,71,178
20,0.003,0.003,30,,-24.4,209,42.6,-0.0336,7560.0,23,36,150
5,0.002,0.003,20,120.0,-24.4,233,41.2,-0.0199,7560.0,37,19,177
20,0.003,0.0015,10,60.0,-24.45,270,40.4,-0.0037,7555.0,11,32,227
10,0.006,0.0015,30,,-24.46,274,38.3,-0.0022,7554.0,12,109,153
20,0.004,0.002,10,60.0,-24.46,268,40.7,-0.0046,7554.0,8,19,241
10,0.003,0.002,45,,-24.47,229,40.6,-0.0224,7553.0,35,88,106
10,0.006,0.002,10,120.0,-24.6,279,44.8,-0.0011,7540.0,2,25,252
5,0.002,0.002,30,60.0,-24.64,235,44.3,-0.0202,7536.0,52,67,116
10,0.004,0.002,10,120.0,-24.66,279,45.2,-0.0014,7534.0,6,25,248
10,0.003,0.0015,10,120.0,-24.67,280,44.6,-0.0011,7533.0,10,35,235
10,0.003,0.003,20,60.0,-24.69,237,40.1,-0.0195,7531.0,21,24,192
5,0.002,0.0015,20,120.0,-24.7,248,38.7,-0.0143,7530.0,38,67,143
15,0.003,0.003,30,,-24.85,230,43.5,-0.024,7515.0,29,37,164
10,0.006,0.003,10,120.0,-24.86,279,45.2,-0.0023,7514.0,2,11,266
15,0.006,0.0015,10,60.0,-24.87,293,43.0,0.0025,7513.0,5,30,258
20,0.003,0.002,20,,-24.89,243,39.5,-0.0177,7511.0,19,54,170
5,0.006,0.002,20,60.0,-24.92,262,38.9,-0.0092,7508.0,6,49,207
10,0.004,0.003,10,120.0,-24.92,279,45.5,-0.0026,7508.0,6,11,262
20,0.006,0.003,10,60.0,-24.95,268,40.7,-0.007,7505.0,3,12,253
20,0.003,0.002,10,60.0,-24.97,270,40.4,-0.0063,7503.0,11,19,240
5,0.003,0.0015,45,,-25.07,281,42.3,-0.0025,7493.0,50,134,97
10,0.004,0.002,30,,-25.15,262,42.0,-0.0104,7485.0,20,68,174
10,0.003,0.002,10,120.0,-25.19,280,44.6,-0.0035,7481.0,10,25,245
5,0.002,0.0015,30,60.0,-25.29,250,42.4,-0.0165,7471.0,52,101,97
15,0.002,0.003,20,60.0,-25.32,227,39.6,-0.0285,7468.0,30,23,174
20,0.002,0.0015,20,,-25.32,255,40.0,-0.0144,7468.0,36,75,144
20,0.004,0.003,10,60.0,-25.33,268,40.7,-0.0089,7467.0,8,12,248
10,0.003,0.003,45,,-25.35,217,43.3,-0.0344,7465.0,39,53,125
20,0.002,0.0015,10,60.0,-25.38,274,40.1,-0.0068,7462.0,22,32,220
15,0.006,0.002,10,60.0,-25.39,293,43.0,0.0001,7461.0,5,20,268
15,0.004,0.0015,10,60.0,-25.42,293,43.0,-0.0,7458.0,8,30,255
10,0.003,0.003,10,120.0,-25.44,280,45.0,-0.0048,7456.0,10,11,259
5,0.006,0.0015,20,60.0,-25.47,271,37.6,-0.0083,7453.0,6,78,187
10,0.004,0.0015,30,,-25.48,275,38.9,-0.0068,7452.0,20,108,147
10,0.002,0.0015,20,60.0,-25.59,254,39.0,-0.0163,7441.0,34,74,146
15,0.006,0.0015,20,,-25.6,277,37.9,-0.0066,7440.0,8,81,188
20,0.002,0.003,30,,-25.67,220,44.1,-0.0347,7433.0,50,38,132
5,0.003,0.002,45,,-25.67,263,43.3,-0.0126,7433.0,48,96,119
10,0.002,0.0015,45,,-25.72,263,41.4,-0.0129,7428.0,72,124,67
10,0.002,0.002,20,60.0,-25.76,251,39.8,-0.0185,7424.0,35,46,170
10,0.002,0.002,45,,-25.81,247,44.1,-0.0207,7419.0,70,89,88
20,0.004,0.003,20,,-25.81,236,39.0,-0.0263,7419.0,11,29,196
20,0.003,0.003,10,60.0,-25.84,270,40.4,-0.0106,7416.0,11,12,247
20,0.006,0.003,20,,-25.85,236,39.0,-0.0265,7415.0,4,29,203
5,0.004,0.002,20,60.0,-25.86,266,39.5,-0.0123,7414.0,10,50,206
10,0.003,0.002,30,,-25.93,270,42.2,-0.011,7407.0,35,71,164
15,0.004,0.002,10,60.0,-25.94,293,43.0,-0.0024,7406.0,8,20,265
10,0.002,0.0015,10,120.0,-25.95,285,44.2,-0.0054,7405.0,22,38,225
15,0.003,0.0015,10,60.0,-25.95,295,42.7,-0.0018,7405.0,12,31,252
15,0.002,0.002,30,,-25.96,254,43.7,-0.0182,7404.0,55,70,129
10,0.002,0.003,45,,-25.96,232,47.4,-0.0293,7404.0,70,47,115
10,0.006,0.003,30,,-25.98,256,42.6,-0.0173,7402.0,12,45,199
20,0.002,0.002,10,60.0,-25.99,274,40.1,-0.0097,7401.0,22,20,232
15,0.002,0.0015,30,,-26.01,262,40.8,-0.0148,7399.0,54,101,107
15,0.006,0.002,20,,-26.02,275,39.6,-0.0094,7398.0,8,50,217
15,0.004,0.0015,20,,-26.04,280,38.6,-0.0076,7396.0,17,81,182
15,0.006,0.003,10,60.0,-26.11,293,43.0,-0.0032,7389.0,5,12,276
5,0.006,0.003,20,60.0,-26.31,258,39.5,-0.0181,7369.0,6,29,223
15,0.004,0.002,20,,-26.33,278,40.3,-0.0098,7367.0,17,49,212
10,0.003,0.0015,30,,-26.37,283,39.2,-0.008,7363.0,35,112,136
5,0.003,0.002,20,60.0,-26.4,269,40.1,-0.0138,7360.0,22,53,194
15,0.003,0.002,10,60.0,-26.42,295,42.7,-0.0039,7358.0,12,20,263
5,0.006,0.0015,30,,-26.45,329,39.5,0.007,7355.0,14,123,192
10,0.004,0.003,30,,-26.45,257,43.2,-0.0193,7355.0,20,42,195
5,0.004,0.0015,20,60.0,-26.46,274,38.0,-0.012,7354.0,10,80,184
5,0.003,0.003,45,,-26.5,244,44.7,-0.0259,7350.0,46,57,141
10,0.002,0.002,10,120.0,-26.54,285,44.6,-0.0081,7346.0,23,27,235
20,0.002,0.002,20,,-26.55,254,40.2,-0.0214,7345.0,36,55,163
10,0.002,0.003,20,60.0,-26.63,248,40.3,-0.0247,7337.0,35,24,189
15,0.002,0.003,30,,-26.63,248,45.6,-0.0247,7337.0,57,38,153
5,0.002,0.002,45,,-26.63,288,47.9,-0.0074,7337.0,92,95,101
15,0.004,0.003,10,60.0,-26.65,293,43.0,-0.0057,7335.0,8,12,273
10,0.002,0.003,10,120.0,-26.76,285,44.9,-0.0092,7324.0,23,12,250
20,0.003,0.003,20,,-26.78,241,39.4,-0.0292,7322.0,17,29,195
15,0.002,0.0015,10,60.0,-26.88,299,42.5,-0.0046,7312.0,23,31,245
5,0.002,0.003,45,,-26.9,266,48.9,-0.0176,7310.0,87,52,127
20,0.002,0.003,10,60.0,-26.91,274,40.1,-0.0143,7309.0,22,13,239
5,0.006,0.003,30,,-26.94,297,43.4,-0.0053,7306.0,13,50,234
5,0.003,0.0015,20,60.0,-26.94,278,38.8,-0.0128,7306.0,22,81,175
15,0.003,0.003,10,60.0,-27.13,295,42.7,-0.0072,7287.0,12,12,271
5,0.004,0.003,20,60.0,-27.22,262,40.1,-0.0211,7278.0,10,29,223
10,0.003,0.003,30,,-27.34,264,43.2,-0.0208,7266.0,35,44,185
15,0.002,0.002,10,60.0,-27.38,299,42.5,-0.0069,7262.0,23,20,256
5,0.006,0.002,30,,-27.42,316,41.1,-0.001,7258.0,14,88,214
15,0.006,0.003,20,,-27.49,275,40.0,-0.0167,7251.0,7,27,241
5,0.003,0.003,20,60.0,-27.57,264,40.5,-0.022,7243.0,22,29,213
15,0.003,0.0015,20,,-27.6,285,38.6,-0.0132,7240.0,19,85,181
10,0.006,0.002,20,,-27.72,329,39.5,0.0015,7228.0,11,58,260
5,0.002,0.0015,45,,-27.72,316,45.6,-0.0026,7228.0,96,142,78
10,0.006,0.0015,10,60.0,-27.77,332,42.8,0.0021,7223.0,4,38,290
15,0.004,0.003,20,,-27.89,277,40.4,-0.0179,7211.0,15,27,235
15,0.003,0.002,20,,-28.03,283,40.3,-0.0161,7197.0,19,53,211
15,0.002,0.003,10,60.0,-28.09,299,42.5,-0.0102,7191.0,23,12,264
5,0.006,0.002,10,120.0,-28.1,344,44.2,0.0042,7190.0,5,24,315
10,0.006,0.0015,20,,-28.1,335,38.2,0.0017,7190.0,11,91,233
10,0.002,0.002,30,,-28.1,290,43.4,-0.0136,7190.0,68,75,147
10,0.004,0.0015,10,60.0,-28.11,332,42.8,0.0007,7189.0,7,38,287
5,0.006,0.0015,10,120.0,-28.26,345,44.1,0.0039,7174.0,5,49,291
10,0.006,0.002,10,60.0,-28.3,332,42.8,-0.0001,7170.0,4,27,301
20,0.006,0.0015,10,,-28.35,322,41.9,-0.0034,7165.0,3,42,277
5,0.004,0.0015,30,,-28.35,334,40.4,0.0005,7165.0,27,124,183
20,0.002,0.003,20,,-28.43,252,40.1,-0.0326,7157.0,34,31,187
5,0.002,0.002,20,60.0,-28.43,282,40.4,-0.0185,7157.0,41,54,187
10,0.002,0.0015,30,,-28.62,303,40.9,-0.0111,7138.0,66,116,121
5,0.004,0.002,10,120.0,-28.62,344,44.5,0.0021,7138.0,9,24,311
10,0.004,0.002,10,60.0,-28.63,332,42.8,-0.0015,7137.0,7,27,298
20,0.006,0.002,10,,-28.64,321,42.4,-0.005,7136.0,3,23,295
5,0.006,0.003,10,120.0,-28.64,343,44.6,0.0017,7136.0,5,13,325
20,0.004,0.0015,10,,-28.72,322,41.9,-0.005,7128.0,8,42,272
5,0.004,0.0015,10,120.0,-28.78,345,44.3,0.0017,7122.0,9,48,288
15,0.002,0.0015,20,,-28.83,297,40.1,-0.0144,7117.0,42,87,168
10,0.003,0.0015,10,60.0,-28.88,334,42.2,-0.002,7112.0,12,39,283
10,0.004,0.002,20,,-28.92,333,40.2,-0.0024,7108.0,20,57,256
5,0.004,0.003,30,,-28.93,303,44.2,-0.0123,7107.0,26,50,227
10,0.006,0.003,10,60.0,-28.95,332,43.1,-0.0028,7105.0,4,14,314
10,0.002,0.003,30,,-28.95,283,44.9,-0.0206,7105.0,68,43,172
20,0.004,0.002,10,,-29.0,321,42.4,-0.0066,7100.0,8,23,290
5,0.004,0.002,30,,-29.02,321,41.7,-0.0064,7098.0,25,87,209
5,0.002,0.0015,20,60.0,-29.13,293,38.6,-0.0174,7087.0,42,85,166
5,0.004,0.003,10,120.0,-29.16,343,44.9,-0.0004,7084.0,9,13,321
10,0.006,0.003,20,,-29.21,326,40.5,-0.0058,7079.0,11,31,284
20,0.003,0.0015,10,,-29.24,324,41.7,-0.0067,7076.0,11,43,270
10,0.004,0.003,10,60.0,-29.28,332,43.1,-0.0042,7072.0,7,14,311
15,0.002,0.002,20,,-29.3,296,41.6,-0.017,7070.0,44,56,196
10,0.004,0.0015,20,,-29.34,339,38.9,-0.0023,7066.0,20,91,228
10,0.003,0.002,10,60.0,-29.35,334,42.2,-0.0039,7065.0,12,27,295
20,0.006,0.003,10,,-29.42,321,42.4,-0.0084,7058.0,3,14,304
15,0.003,0.003,20,,-29.47,282,40.4,-0.0237,7053.0,18,28,236
20,0.003,0.002,10,,-29.48,323,42.1,-0.0081,7052.0,11,23,289
5,0.003,0.002,10,120.0,-29.5,347,44.4,-0.0006,7050.0,16,25,306
5,0.003,0.0015,10,120.0,-29.62,348,44.3,-0.0008,7038.0,16,49,283
5,0.002,0.003,20,60.0,-29.63,277,40.8,-0.0267,7037.0,41,29,207
5,0.003,0.0015,30,,-29.64,344,40.4,-0.0019,7036.0,44,126,174
20,0.004,0.003,10,,-29.78,321,42.4,-0.01,7022.0,8,14,299
5,0.003,0.003,30,,-29.91,312,43.9,-0.0135,7009.0,45,53,214
20,0.002,0.0015,10,,-29.92,328,41.5,-0.0083,7008.0,28,43,257
10,0.003,0.003,10,60.0,-29.99,334,42.5,-0.0067,7001.0,12,14,308
5,0.003,0.003,10,120.0,-30.06,346,44.8,-0.0033,6994.0,15,13,318
15,0.006,0.0015,10,,-30.22,378,44.2,0.0049,6978.0,5,38,335
20,0.002,0.002,10,,-30.24,327,41.9,-0.01,6976.0,28,24,275
20,0.003,0.003,10,,-30.25,323,42.1,-0.0114,6975.0,11,14,298
10,0.002,0.0015,10,60.0,-30.31,341,41.9,-0.0058,6969.0,25,41,275
15,0.006,0.002,10,,-30.34,377,44.6,0.0042,6966.0,5,21,351
10,0.004,0.003,20,,-30.4,330,41.2,-0.0097,6960.0,20,31,279
5,0.003,0.002,30,,-30.58,332,41.6,-0.0096,6942.0,44,93,195
15,0.002,0.003,20,,-30.8,295,41.7,-0.0247,6920.0,43,30,222
10,0.002,0.002,10,60.0,-30.89,341,42.2,-0.0083,6911.0,26,29,286
5,0.002,0.002,10,120.0,-31.01,352,44.9,-0.0054,6899.0,32,27,293
5,0.002,0.0015,10,120.0,-31.02,353,44.5,-0.0051,6898.0,31,51,271
15,0.006,0.003,10,,-31.03,377,44.6,0.0016,6897.0,5,12,360
20,0.002,0.003,10,,-31.07,327,41.9,-0.0137,6893.0,28,15,284
10,0.003,0.002,20,,-31.26,340,40.0,-0.0101,6874.0,29,63,248
10,0.003,0.0015,20,,-31.31,345,38.8,-0.0088,6869.0,30,96,219
15,0.004,0.0015,10,,-31.32,380,43.9,0.0012,6868.0,11,38,331
5,0.002,0.003,10,120.0,-31.4,351,45.0,-0.0073,6860.0,32,14,305
15,0.004,0.002,10,,-31.44,379,44.3,0.0005,6856.0,11,21,347
10,0.002,0.003,10,60.0,-31.48,341,42.5,-0.0108,6852.0,26,15,300
15,0.003,0.0015,10,,-31.92,381,43.8,-0.0008,6808.0,15,38,328
5,0.002,0.003,30,,-31.96,331,47.1,-0.016,6804.0,83,51,197
15,0.003,0.002,10,,-31.96,380,44.2,-0.0012,6804.0,15,20,345
15,0.004,0.003,10,,-32.11,379,44.3,-0.0021,6789.0,11,12,356
5,0.002,0.0015,30,,-32.31,373,43.4,-0.0043,6769.0,89,136,148
5,0.002,0.002,30,,-32.38,352,45.5,-0.0109,6762.0,87,94,171
10,0.002,0.0015,20,,-32.44,359,41.2,-0.0091,6756.0,53,93,213
5,0.006,0.0015,10,60.0,-32.46,397,41.3,0.0013,6754.0,7,55,335
15,0.003,0.003,10,,-32.56,380,44.2,-0.0036,6744.0,15,11,354
10,0.002,0.002,20,,-32.57,355,42.3,-0.0109,6743.0,55,61,239
5,0.006,0.002,10,60.0,-32.78,396,41.7,-0.0002,6722.0,7,34,355
10,0.003,0.003,20,,-32.8,337,40.9,-0.0178,6720.0,29,33,275
15,0.002,0.0015,10,,-32.92,387,43.7,-0.0031,6708.0,34,38,315
15,0.002,0.002,10,,-33.0,386,44.0,-0.0037,6700.0,34,20,332
5,0.004,0.0015,10,60.0,-33.23,397,41.3,-0.0016,6677.0,10,55,332
5,0.004,0.002,10,60.0,-33.54,396,41.7,-0.0031,6646.0,10,34,352
5,0.006,0.003,10,60.0,-33.55,396,41.9,-0.0031,6645.0,7,16,373
15,0.002,0.003,10,,-33.59,386,44.0,-0.006,6641.0,34,11,341
5,0.006,0.002,20,,-33.59,402,40.8,-0.0017,6641.0,9,76,317
5,0.006,0.0015,20,,-33.79,415,39.0,0.0009,6621.0,9,116,290
10,0.002,0.003,20,,-34.02,352,43.2,-0.018,6598.0,55,31,266
5,0.003,0.0015,10,60.0,-34.06,400,41.5,-0.004,6594.0,17,56,327
5,0.006,0.003,20,,-34.23,392,41.8,-0.0067,6577.0,9,37,346
5,0.004,0.003,10,60.0,-34.31,396,41.9,-0.006,6569.0,10,16,370
5,0.003,0.002,10,60.0,-34.33,399,41.9,-0.0053,6567.0,17,34,348
5,0.003,0.003,10,60.0,-35.12,399,42.1,-0.0083,6488.0,16,16,367
5,0.004,0.002,20,,-35.16,407,40.8,-0.0063,6484.0,20,77,310
5,0.002,0.0015,10,60.0,-35.61,407,41.5,-0.0081,6439.0,32,57,318
5,0.004,0.0015,20,,-35.63,420,38.8,-0.0046,6437.0,20,118,282
5,0.004,0.003,20,,-35.66,397,42.3,-0.0109,6434.0,21,35,341
5,0.003,0.002,20,,-35.8,413,41.4,-0.0072,6420.0,36,76,301
5,0.002,0.002,10,60.0,-36.01,406,42.1,-0.0099,6399.0,33,36,337
5,0.003,0.003,20,,-36.27,404,42.6,-0.0114,6373.0,37,34,333
5,0.003,0.0015,20,,-36.3,427,39.6,-0.0054,6370.0,37,116,274
5,0.002,0.003,10,60.0,-36.71,405,42.5,-0.0129,6329.0,32,17,356
10,0.006,0.0015,10,,-37.07,472,42.6,0.002,6293.0,5,55,412
10,0.006,0.002,10,,-37.18,470,43.4,0.0012,6282.0,5,36,429
10,0.006,0.003,10,,-37.59,470,43.6,-0.0002,6241.0,5,15,450
5,0.002,0.003,20,,-37.63,423,44.7,-0.0115,6237.0,75,32,316
5,0.002,0.002,20,,-37.87,436,43.1,-0.0091,6213.0,75,78,283
10,0.004,0.0015,10,,-37.94,473,42.5,-0.0008,6206.0,9,56,408
10,0.004,0.002,10,,-38.08,471,43.3,-0.0017,6192.0,9,37,425
5,0.002,0.0015,20,,-38.4,450,41.1,-0.0075,6160.0,76,119,255
10,0.003,0.0015,10,,-38.52,474,42.4,-0.0025,6148.0,15,56,403
10,0.004,0.003,10,,-38.54,471,43.5,-0.0033,6146.0,9,16,446
10,0.003,0.002,10,,-38.58,472,43.2,-0.0032,6142.0,15,36,421
10,0.003,0.003,10,,-38.98,472,43.4,-0.0046,6102.0,15,15,442
10,0.002,0.0015,10,,-39.39,480,42.9,-0.0043,6061.0,39,57,384
10,0.002,0.002,10,,-39.53,478,43.9,-0.0052,6047.0,40,37,401
10,0.002,0.003,10,,-39.84,478,44.1,-0.0062,6016.0,40,15,423
5,0.006,0.0015,10,,-44.91,635,45.8,0.0062,5509.0,7,76,552
5,0.006,0.002,10,,-45.6,633,45.5,0.0039,5440.0,7,48,578
5,0.006,0.003,10,,-45.82,628,46.2,0.0025,5418.0,8,22,598
5,0.004,0.0015,10,,-45.84,636,45.8,0.0037,5416.0,12,76,548
5,0.003,0.0015,10,,-46.14,640,46.1,0.0034,5386.0,27,76,537
5,0.004,0.002,10,,-46.52,634,45.4,0.0014,5348.0,12,48,574
5,0.004,0.003,10,,-46.71,629,46.1,0.0,5329.0,12,22,595
5,0.003,0.002,10,,-46.86,638,45.9,0.001,5314.0,26,48,564
5,0.003,0.003,10,,-47.25,635,46.5,-0.0006,5275.0,26,21,588
5,0.002,0.0015,10,,-48.0,650,46.0,-0.0005,5200.0,52,80,518
5,0.002,0.002,10,,-48.56,647,46.1,-0.0027,5144.0,52,50,545
5,0.002,0.003,10,,-48.75,643,46.5,-0.0039,5125.0,52,21,570
