roc_lookback_bars,min_move_pct,volume_mult,take_profit_pct,stop_loss_pct,max_hold_bars,total_return_pct,n_trades,win_rate_pct,avg_return_per_trade_pct,final_capital,tp_hits,sl_hits,timeouts
1,0.0015,2.0,0.005,0.002,30,-0.9,20,50.0,0.0551,9910.0,3,8,9
1,0.0015,2.0,0.005,0.003,30,-1.13,19,52.6,0.0405,9887.0,2,6,11
1,0.0015,3.0,0.003,0.003,30,-1.41,15,53.3,0.0054,9859.0,3,5,7
1,0.0015,2.0,0.005,0.003,20,-1.43,20,50.0,0.028,9857.0,1,3,16
1,0.0015,3.0,0.005,0.003,30,-1.55,15,46.7,-0.0039,9845.0,1,5,9
1,0.0015,3.0,0.003,0.002,30,-1.57,15,46.7,-0.0055,9843.0,2,7,6
5,0.003,3.0,0.003,0.002,10,-1.58,15,46.7,-0.0057,9842.0,2,5,8
1,0.0015,2.0,0.005,0.002,20,-1.58,20,45.0,0.0208,9842.0,1,7,12
5,0.003,3.0,0.005,0.002,10,-1.63,15,46.7,-0.0096,9837.0,0,5,10
1,0.0015,3.0,0.003,0.003,20,-1.7,15,46.7,-0.0139,9830.0,2,3,10
5,0.003,3.0,0.003,0.003,30,-1.71,15,46.7,-0.0147,9829.0,4,4,7
1,0.0015,3.0,0.003,0.002,10,-1.74,15,46.7,-0.0168,9826.0,2,6,7
5,0.003,3.0,0.003,0.003,10,-1.74,15,46.7,-0.0165,9826.0,2,3,10
1,0.0015,2.0,0.003,0.002,30,-1.76,21,47.6,0.0157,9824.0,5,9,7
5,0.003,3.0,0.005,0.003,10,-1.79,15,46.7,-0.0204,9821.0,0,3,12
1,0.0015,3.0,0.005,0.002,10,-1.8,15,46.7,-0.0207,9820.0,0,6,9
1,0.0015,3.0,0.005,0.002,30,-1.81,15,40.0,-0.0217,9819.0,1,7,7
3,0.002,3.0,0.003,0.002,10,-1.82,19,52.6,0.0036,9818.0,2,6,11
1,0.0015,3.0,0.003,0.002,20,-1.84,15,40.0,-0.0235,9816.0,2,7,6
3,0.002,3.0,0.005,0.002,10,-1.87,19,52.6,0.0005,9813.0,0,6,13
3,0.002,3.0,0.003,0.003,10,-1.89,19,52.6,-0.0003,9811.0,2,3,14
1,0.0015,3.0,0.003,0.003,10,-1.89,15,46.7,-0.0269,9811.0,2,3,10
5,0.003,3.0,0.003,0.002,30,-1.94,15,40.0,-0.0306,9806.0,3,7,5
5,0.003,3.0,0.003,0.003,20,-1.94,15,46.7,-0.0301,9806.0,3,3,9
1,0.0015,3.0,0.005,0.003,10,-1.95,15,46.7,-0.0308,9805.0,0,3,12
1,0.0015,3.0,0.005,0.003,20,-1.95,15,46.7,-0.0307,9805.0,0,3,12
3,0.002,3.0,0.005,0.003,10,-1.95,19,52.6,-0.0034,9805.0,0,3,16
5,0.003,3.0,0.003,0.002,20,-1.97,15,40.0,-0.0322,9803.0,3,7,5
1,0.0015,2.0,0.003,0.003,30,-1.99,20,50.0,-0.0004,9801.0,5,7,8
5,0.002,3.0,0.003,0.002,10,-2.03,20,50.0,-0.0023,9797.0,2,6,12
5,0.003,2.0,0.003,0.002,10,-2.05,17,41.2,-0.0215,9795.0,2,5,10
1,0.0015,2.0,0.003,0.003,20,-2.07,21,47.6,0.0006,9793.0,3,4,14
5,0.002,3.0,0.005,0.002,10,-2.09,20,50.0,-0.0052,9791.0,0,6,14
1,0.0015,3.0,0.005,0.002,20,-2.09,15,40.0,-0.0403,9791.0,0,7,8
5,0.003,2.0,0.005,0.002,10,-2.1,17,41.2,-0.0249,9790.0,0,5,12
5,0.002,3.0,0.003,0.003,10,-2.1,20,50.0,-0.006,9790.0,2,3,15
1,0.0015,2.0,0.003,0.002,20,-2.11,21,42.9,-0.0015,9789.0,3,8,10
1,0.0015,2.0,0.003,0.002,10,-2.12,21,52.4,-0.0018,9788.0,2,7,12
3,0.003,,0.005,0.003,30,-2.15,20,45.0,-0.0084,9785.0,1,3,16
3,0.002,3.0,0.003,0.002,20,-2.15,19,52.6,-0.0141,9785.0,3,8,8
1,0.0015,2.0,0.005,0.002,10,-2.15,21,52.4,-0.0034,9785.0,0,7,14
5,0.002,3.0,0.005,0.003,10,-2.16,20,50.0,-0.0089,9784.0,0,3,17
3,0.002,2.0,0.005,0.002,30,-2.17,24,45.8,0.0088,9783.0,4,10,10
3,0.003,,0.005,0.003,20,-2.21,20,40.0,-0.0117,9779.0,1,1,18
5,0.003,2.0,0.003,0.003,10,-2.21,17,41.2,-0.031,9779.0,2,3,12
5,0.003,2.0,0.003,0.003,30,-2.24,17,41.2,-0.0331,9776.0,4,4,9
5,0.003,3.0,0.005,0.003,20,-2.24,15,46.7,-0.0506,9776.0,0,3,12
3,0.002,3.0,0.003,0.003,20,-2.25,19,57.9,-0.0195,9775.0,3,5,11
5,0.003,2.0,0.005,0.003,10,-2.26,17,41.2,-0.0345,9774.0,0,3,14
3,0.002,2.0,0.005,0.002,20,-2.27,24,50.0,0.0046,9773.0,2,10,12
5,0.003,3.0,0.005,0.002,20,-2.27,15,40.0,-0.0527,9773.0,0,7,8
2,0.003,,0.005,0.002,10,-2.29,20,35.0,-0.0158,9771.0,0,4,16
3,0.002,3.0,0.003,0.003,30,-2.31,19,52.6,-0.0225,9769.0,4,6,9
5,0.003,2.0,0.003,0.003,20,-2.32,17,41.2,-0.0381,9768.0,3,3,11
2,0.003,,0.003,0.002,10,-2.33,20,35.0,-0.0178,9767.0,1,4,15
3,0.002,3.0,0.003,0.002,30,-2.37,19,47.4,-0.0258,9763.0,3,8,8
2,0.002,2.0,0.005,0.003,30,-2.37,20,45.0,-0.0193,9763.0,3,7,10
1,0.0015,2.0,0.003,0.003,10,-2.37,21,52.4,-0.0138,9763.0,2,4,15
1,0.003,,0.005,0.002,10,-2.4,18,33.3,-0.0347,9760.0,0,4,14
1,0.0015,2.0,0.005,0.003,10,-2.4,21,52.4,-0.0154,9760.0,0,4,17
1,0.003,,0.003,0.002,10,-2.4,18,33.3,-0.0347,9760.0,0,4,14
3,0.002,2.0,0.005,0.003,20,-2.4,24,54.2,-0.0007,9760.0,2,6,16
1,0.002,,0.005,0.003,30,-2.41,24,45.8,-0.0013,9759.0,2,5,17
5,0.003,2.0,0.003,0.002,30,-2.42,17,35.3,-0.044,9758.0,3,8,6
5,0.003,2.0,0.003,0.002,20,-2.43,17,35.3,-0.0444,9757.0,3,8,6
5,0.002,3.0,0.003,0.002,20,-2.44,20,50.0,-0.0234,9756.0,3,9,8
3,0.002,3.0,0.005,0.002,20,-2.45,19,52.6,-0.0303,9755.0,0,8,11
3,0.0015,3.0,0.003,0.002,10,-2.45,25,52.0,0.0009,9755.0,2,7,16
2,0.002,3.0,0.003,0.002,10,-2.46,17,41.2,-0.0462,9754.0,2,8,7
2,0.002,3.0,0.003,0.003,10,-2.46,17,41.2,-0.0462,9754.0,2,3,12
5,0.003,2.0,0.005,0.002,30,-2.46,17,29.4,-0.0465,9754.0,2,8,7
2,0.003,,0.005,0.002,20,-2.48,20,40.0,-0.0255,9752.0,1,6,13
1,0.002,,0.005,0.002,30,-2.5,25,40.0,-0.0011,9750.0,3,9,13
2,0.002,2.0,0.005,0.003,20,-2.5,20,40.0,-0.0263,9750.0,2,5,13
3,0.0015,3.0,0.005,0.002,10,-2.51,25,52.0,-0.0014,9749.0,0,7,18
2,0.003,,0.005,0.003,10,-2.51,20,35.0,-0.0271,9749.0,0,2,18
2,0.002,3.0,0.005,0.002,10,-2.51,17,41.2,-0.0496,9749.0,0,8,9
2,0.002,3.0,0.005,0.003,10,-2.51,17,41.2,-0.0496,9749.0,0,3,14
3,0.003,,0.005,0.002,20,-2.52,20,35.0,-0.0276,9748.0,1,6,13
2,0.003,,0.003,0.002,30,-2.54,20,40.0,-0.0283,9746.0,2,6,12
2,0.002,2.0,0.003,0.003,10,-2.55,21,42.9,-0.0227,9745.0,2,3,16
3,0.002,3.0,0.005,0.003,20,-2.55,19,57.9,-0.0356,9745.0,0,5,14
2,0.002,2.0,0.003,0.002,10,-2.55,21,42.9,-0.0227,9745.0,2,8,11
5,0.003,2.0,0.005,0.003,20,-2.55,17,41.2,-0.0515,9745.0,0,3,14
3,0.002,2.0,0.005,0.003,30,-2.55,23,47.8,-0.012,9745.0,3,7,13
2,0.003,,0.003,0.003,10,-2.55,20,35.0,-0.0291,9745.0,1,2,17
2,0.003,,0.005,0.002,30,-2.55,20,40.0,-0.0291,9745.0,1,6,13
3,0.003,,0.005,0.002,10,-2.56,21,33.3,-0.0234,9744.0,0,5,16
3,0.003,,0.005,0.002,30,-2.56,20,40.0,-0.0295,9744.0,1,6,13
5,0.003,2.0,0.005,0.003,30,-2.57,16,31.2,-0.0627,9743.0,1,4,11
2,0.002,2.0,0.005,0.002,10,-2.58,21,42.9,-0.0243,9742.0,0,8,13
2,0.002,2.0,0.005,0.003,10,-2.58,21,42.9,-0.0243,9742.0,0,3,18
3,0.003,,0.003,0.002,10,-2.6,21,33.3,-0.0253,9740.0,1,5,15
5,0.002,3.0,0.003,0.003,20,-2.61,20,55.0,-0.0318,9739.0,3,5,12
2,0.002,2.0,0.005,0.002,30,-2.61,20,35.0,-0.032,9739.0,3,11,6
3,0.003,,0.003,0.003,30,-2.62,21,42.9,-0.0264,9738.0,3,4,14
2,0.003,,0.005,0.003,20,-2.62,20,40.0,-0.0326,9738.0,1,2,17
3,0.003,,0.005,0.003,10,-2.62,21,33.3,-0.0265,9738.0,0,2,19
3,0.0015,3.0,0.003,0.003,10,-2.62,25,52.0,-0.0061,9738.0,2,4,19
1,0.003,,0.005,0.003,10,-2.62,18,33.3,-0.0473,9738.0,0,2,16
5,0.002,3.0,0.003,0.003,30,-2.62,20,50.0,-0.0327,9738.0,4,6,10
1,0.003,,0.003,0.003,10,-2.62,18,33.3,-0.0473,9738.0,0,2,16
3,0.002,3.0,0.005,0.003,30,-2.64,18,44.4,-0.0482,9736.0,1,6,11
5,0.003,2.0,0.005,0.002,20,-2.65,17,35.3,-0.0577,9735.0,0,8,9
1,0.002,,0.003,0.002,10,-2.65,25,44.0,-0.0072,9735.0,2,6,17
5,0.002,3.0,0.003,0.002,30,-2.66,20,45.0,-0.0345,9734.0,3,9,8
3,0.003,,0.003,0.003,10,-2.66,21,33.3,-0.0284,9734.0,1,2,18
5,0.003,3.0,0.005,0.002,30,-2.67,15,26.7,-0.0801,9733.0,1,8,6
3,0.0015,3.0,0.005,0.003,10,-2.68,25,52.0,-0.0084,9732.0,0,4,21
1,0.002,,0.005,0.002,10,-2.68,25,44.0,-0.0086,9732.0,0,6,19
2,0.003,,0.003,0.002,20,-2.68,20,40.0,-0.0355,9732.0,1,6,13
2,0.002,2.0,0.005,0.002,20,-2.68,20,35.0,-0.0354,9732.0,2,11,7
2,0.002,3.0,0.003,0.003,20,-2.72,17,41.2,-0.0619,9728.0,2,5,10
2,0.002,3.0,0.003,0.003,30,-2.72,17,47.1,-0.0616,9728.0,3,7,7
5,0.002,3.0,0.005,0.002,20,-2.74,20,50.0,-0.0387,9726.0,0,9,11
3,0.002,2.0,0.003,0.002,10,-2.74,26,46.2,-0.0066,9726.0,2,7,17
1,0.002,,0.005,0.003,20,-2.75,24,41.7,-0.0161,9725.0,1,3,20
2,0.0015,3.0,0.003,0.002,10,-2.75,24,45.8,-0.0161,9725.0,2,9,13
1,0.002,,0.003,0.003,10,-2.76,24,41.7,-0.0166,9724.0,2,3,19
3,0.002,2.0,0.005,0.002,10,-2.77,26,46.2,-0.0079,9723.0,0,7,19
3,0.003,,0.003,0.003,20,-2.8,21,38.1,-0.035,9720.0,1,2,18
1,0.002,,0.005,0.003,10,-2.8,24,41.7,-0.018,9720.0,0,3,21
2,0.0015,3.0,0.005,0.002,10,-2.81,24,45.8,-0.0185,9719.0,0,9,15
2,0.003,,0.003,0.003,30,-2.81,20,40.0,-0.0424,9719.0,2,4,14
2,0.003,,0.003,0.003,20,-2.81,20,40.0,-0.0426,9719.0,1,2,17
2,0.002,3.0,0.003,0.002,20,-2.82,17,35.3,-0.0683,9718.0,2,10,5
2,0.003,,0.005,0.003,30,-2.83,20,40.0,-0.0432,9717.0,1,4,15
1,0.002,,0.003,0.003,30,-2.84,24,45.8,-0.02,9716.0,4,5,15
2,0.002,2.0,0.003,0.003,20,-2.84,21,42.9,-0.0369,9716.0,3,5,13
3,0.003,,0.003,0.002,30,-2.84,21,38.1,-0.0368,9716.0,2,7,12
5,0.002,2.0,0.005,0.002,30,-2.85,29,44.8,0.0007,9715.0,4,13,12
2,0.002,3.0,0.005,0.003,30,-2.85,17,41.2,-0.0698,9715.0,1,7,9
2,0.0015,3.0,0.003,0.003,10,-2.85,24,45.8,-0.0202,9715.0,2,4,18
2,0.002,2.0,0.003,0.003,30,-2.85,21,47.6,-0.0376,9715.0,5,7,9
5,0.003,,0.005,0.002,10,-2.88,30,40.0,0.0028,9712.0,1,7,22
2,0.0015,2.0,0.005,0.002,30,-2.89,31,41.9,0.0058,9711.0,4,13,14
1,0.002,,0.005,0.002,20,-2.89,25,36.0,-0.0171,9711.0,1,9,15
5,0.002,3.0,0.005,0.003,20,-2.9,20,55.0,-0.0472,9710.0,0,5,15
2,0.0015,3.0,0.005,0.003,10,-2.9,24,45.8,-0.0226,9710.0,0,4,20
2,0.002,3.0,0.003,0.002,30,-2.91,17,35.3,-0.0736,9709.0,2,10,5
3,0.002,2.0,0.003,0.003,10,-2.91,26,46.2,-0.0133,9709.0,2,4,20
1,0.003,,0.003,0.002,30,-2.93,18,33.3,-0.0652,9707.0,0,6,12
3,0.002,2.0,0.003,0.002,20,-2.93,26,50.0,-0.014,9707.0,4,11,11
1,0.003,,0.005,0.002,30,-2.93,18,33.3,-0.0652,9707.0,0,6,12
3,0.002,2.0,0.005,0.003,10,-2.94,26,46.2,-0.0146,9706.0,0,4,22
5,0.002,2.0,0.005,0.002,20,-2.94,29,48.3,-0.0025,9706.0,3,13,13
5,0.002,3.0,0.005,0.003,30,-2.95,19,42.1,-0.0575,9705.0,1,6,12
2,0.002,3.0,0.005,0.003,20,-2.96,17,41.2,-0.0767,9704.0,0,5,12
1,0.002,,0.003,0.003,20,-2.97,24,41.7,-0.0253,9703.0,2,3,19
1,0.003,,0.005,0.002,20,-2.99,18,27.8,-0.0688,9701.0,0,6,12
1,0.003,,0.003,0.002,20,-2.99,18,27.8,-0.0688,9701.0,0,6,12
2,0.002,2.0,0.003,0.002,30,-3.0,21,38.1,-0.0448,9700.0,4,11,6
3,0.003,,0.003,0.002,20,-3.01,21,33.3,-0.0454,9699.0,1,7,13
2,0.002,2.0,0.003,0.002,20,-3.02,21,38.1,-0.0456,9698.0,3,11,7
1,0.002,,0.003,0.002,30,-3.03,25,40.0,-0.0229,9697.0,4,9,12
3,0.002,2.0,0.003,0.002,30,-3.05,26,46.2,-0.0188,9695.0,5,11,10
2,0.002,3.0,0.005,0.002,20,-3.07,17,35.3,-0.0831,9693.0,0,10,7
3,0.002,3.0,0.005,0.002,30,-3.09,19,36.8,-0.0649,9691.0,1,9,9
5,0.0015,3.0,0.003,0.002,10,-3.1,29,51.7,-0.0085,9690.0,2,9,18
1,0.0015,,0.005,0.003,30,-3.12,37,48.6,0.0147,9688.0,3,8,26
1,0.003,,0.003,0.003,20,-3.13,18,27.8,-0.0766,9687.0,0,2,16
1,0.003,,0.005,0.003,20,-3.13,18,27.8,-0.0766,9687.0,0,2,16
2,0.0015,2.0,0.005,0.002,20,-3.13,31,45.2,-0.0024,9687.0,2,12,17
3,0.0015,3.0,0.003,0.002,20,-3.13,25,44.0,-0.0271,9687.0,3,9,13
5,0.003,,0.005,0.003,10,-3.14,30,40.0,-0.0061,9686.0,1,4,25
1,0.0015,,0.003,0.002,10,-3.14,42,57.1,0.0241,9686.0,3,7,32
2,0.0015,2.0,0.005,0.003,30,-3.14,30,46.7,-0.0061,9686.0,3,9,18
2,0.002,3.0,0.005,0.002,30,-3.15,17,29.4,-0.0879,9685.0,1,10,6
3,0.002,2.0,0.003,0.003,20,-3.15,26,53.8,-0.0227,9685.0,4,7,15
5,0.0015,3.0,0.005,0.002,10,-3.16,29,51.7,-0.0105,9684.0,0,9,20
5,0.002,2.0,0.005,0.003,30,-3.2,28,46.4,-0.0158,9680.0,3,8,17
1,0.003,,0.003,0.003,30,-3.21,18,33.3,-0.0809,9679.0,0,4,14
1,0.003,,0.005,0.003,30,-3.21,18,33.3,-0.0809,9679.0,0,4,14
1,0.002,,0.003,0.002,20,-3.22,25,36.0,-0.0306,9678.0,3,9,13
2,0.0015,2.0,0.005,0.003,20,-3.22,31,48.4,-0.0054,9678.0,2,7,22
3,0.002,2.0,0.003,0.003,30,-3.23,26,50.0,-0.0261,9677.0,6,8,12
1,0.0015,,0.003,0.003,10,-3.25,41,56.1,0.0197,9675.0,3,3,35
2,0.0015,3.0,0.003,0.002,20,-3.25,24,37.5,-0.0376,9675.0,3,11,10
2,0.0015,3.0,0.003,0.003,20,-3.25,24,41.7,-0.0372,9675.0,3,6,15
5,0.003,,0.005,0.002,30,-3.27,30,40.0,-0.0107,9673.0,4,11,15
5,0.002,2.0,0.005,0.003,20,-3.27,29,51.7,-0.0143,9673.0,2,7,20
2,0.0015,3.0,0.003,0.003,30,-3.28,24,45.8,-0.0388,9672.0,4,8,12
5,0.0015,3.0,0.003,0.002,20,-3.29,29,51.7,-0.015,9671.0,4,11,14
3,0.0015,3.0,0.003,0.003,20,-3.33,25,48.0,-0.0351,9667.0,3,6,16
5,0.0015,3.0,0.003,0.003,10,-3.36,29,51.7,-0.0176,9664.0,2,5,22
5,0.002,3.0,0.005,0.002,30,-3.38,20,35.0,-0.0717,9662.0,1,10,9
5,0.002,2.0,0.003,0.002,10,-3.4,31,45.2,-0.0114,9660.0,3,9,19
5,0.0015,3.0,0.005,0.003,10,-3.41,29,51.7,-0.0196,9659.0,0,5,24
2,0.0015,3.0,0.003,0.002,30,-3.41,24,37.5,-0.0444,9659.0,3,12,9
3,0.0015,3.0,0.003,0.002,30,-3.43,25,40.0,-0.0396,9657.0,3,9,13
3,0.0015,2.0,0.005,0.002,30,-3.43,34,41.2,-0.0022,9657.0,4,12,18
3,0.0015,3.0,0.005,0.002,20,-3.43,25,44.0,-0.0393,9657.0,0,9,16
3,0.0015,2.0,0.005,0.002,20,-3.45,34,47.1,-0.0031,9655.0,2,12,20
3,0.0015,3.0,0.003,0.003,30,-3.47,25,44.0,-0.041,9653.0,4,7,14
1,0.0015,,0.005,0.003,20,-3.48,39,46.2,0.0095,9652.0,1,3,35
5,0.002,2.0,0.005,0.002,10,-3.49,31,45.2,-0.0143,9651.0,0,9,22
2,0.0015,3.0,0.005,0.003,20,-3.54,24,41.7,-0.05,9646.0,0,6,18
5,0.0015,3.0,0.003,0.003,20,-3.54,29,55.2,-0.0239,9646.0,4,7,18
2,0.0015,3.0,0.005,0.002,20,-3.55,24,37.5,-0.0504,9645.0,0,11,13
5,0.0015,3.0,0.005,0.002,20,-3.55,29,51.7,-0.0245,9645.0,0,11,18
5,0.002,2.0,0.003,0.003,10,-3.57,31,45.2,-0.0172,9643.0,3,5,23
2,0.0015,2.0,0.003,0.002,10,-3.58,33,48.5,-0.0102,9642.0,2,10,21
5,0.003,,0.005,0.003,30,-3.59,29,41.4,-0.0258,9641.0,3,6,20
2,0.0015,3.0,0.005,0.003,30,-3.61,23,39.1,-0.0596,9639.0,1,8,14
2,0.0015,2.0,0.005,0.002,10,-3.61,33,48.5,-0.0112,9639.0,0,10,23
3,0.0015,3.0,0.005,0.003,20,-3.62,25,48.0,-0.0474,9638.0,0,6,19
1,0.0015,,0.005,0.002,10,-3.63,42,54.8,0.0121,9637.0,0,7,35
5,0.002,2.0,0.005,0.003,10,-3.66,31,45.2,-0.0201,9634.0,0,5,26
5,0.003,,0.003,0.002,10,-3.67,32,37.5,-0.0165,9633.0,4,9,19
5,0.003,,0.005,0.002,20,-3.68,30,33.3,-0.0247,9632.0,2,10,18
5,0.0015,3.0,0.003,0.002,30,-3.71,29,44.8,-0.0302,9629.0,4,11,14
3,0.0015,2.0,0.005,0.003,20,-3.72,34,50.0,-0.0112,9628.0,2,8,24
5,0.003,,0.005,0.003,20,-3.72,30,36.7,-0.0262,9628.0,2,4,24
1,0.0015,,0.005,0.002,30,-3.72,39,41.0,0.0032,9628.0,4,15,20
1,0.0015,,0.005,0.003,10,-3.73,41,53.7,0.0073,9627.0,0,3,38
5,0.002,2.0,0.003,0.002,30,-3.74,31,45.2,-0.0228,9626.0,6,14,11
5,0.002,2.0,0.003,0.002,20,-3.76,31,48.4,-0.0233,9624.0,4,14,13
2,0.0015,2.0,0.003,0.003,10,-3.77,33,48.5,-0.0162,9623.0,2,5,26
2,0.0015,2.0,0.003,0.002,30,-3.78,33,42.4,-0.0167,9622.0,6,14,13
2,0.0015,2.0,0.003,0.002,20,-3.78,33,45.5,-0.0167,9622.0,4,13,16
5,0.0015,3.0,0.005,0.003,20,-3.8,29,55.2,-0.0334,9620.0,0,7,22
2,0.0015,2.0,0.005,0.003,10,-3.8,33,48.5,-0.0173,9620.0,0,5,28
3,0.0015,2.0,0.005,0.003,30,-3.8,33,42.4,-0.017,9620.0,3,9,21
3,0.0015,3.0,0.005,0.003,30,-3.8,24,37.5,-0.0611,9620.0,1,7,16
1,0.0015,,0.003,0.003,20,-3.82,40,45.0,0.0028,9618.0,5,3,32
2,0.0015,2.0,0.003,0.003,30,-3.85,33,48.5,-0.0186,9615.0,7,10,16
5,0.002,2.0,0.003,0.003,30,-3.9,31,48.4,-0.0282,9610.0,7,9,15
5,0.0015,3.0,0.003,0.003,30,-3.94,29,48.3,-0.0384,9606.0,5,9,15
2,0.0015,2.0,0.003,0.003,20,-3.97,33,48.5,-0.0225,9603.0,4,8,21
5,0.002,2.0,0.003,0.003,20,-4.01,31,51.6,-0.0319,9599.0,4,8,19
3,0.0015,2.0,0.003,0.002,10,-4.05,37,45.9,-0.0115,9595.0,2,10,25
2,0.002,,0.005,0.002,30,-4.07,39,41.0,-0.0064,9593.0,5,17,17
5,0.0015,2.0,0.005,0.002,20,-4.08,41,48.8,-0.0013,9592.0,3,15,23
3,0.0015,2.0,0.005,0.002,10,-4.08,37,45.9,-0.0124,9592.0,0,10,27
3,0.0015,2.0,0.003,0.002,20,-4.1,36,47.2,-0.0161,9590.0,4,13,19
2,0.002,,0.005,0.003,30,-4.1,37,45.9,-0.0129,9590.0,4,10,23
5,0.003,,0.003,0.003,10,-4.11,32,37.5,-0.0311,9589.0,4,6,22
2,0.0015,3.0,0.005,0.002,30,-4.13,24,29.2,-0.0753,9587.0,1,13,10
3,0.0015,3.0,0.005,0.002,30,-4.15,25,32.0,-0.0693,9585.0,1,10,14
1,0.0015,,0.005,0.002,20,-4.17,40,40.0,-0.0063,9583.0,1,13,26
5,0.0015,3.0,0.005,0.003,30,-4.17,28,42.9,-0.052,9583.0,1,9,18
5,0.003,,0.003,0.002,30,-4.19,32,40.6,-0.0336,9581.0,5,13,14
5,0.0015,2.0,0.005,0.002,30,-4.23,41,41.5,-0.0053,9577.0,4,15,22
3,0.0015,2.0,0.003,0.003,10,-4.31,37,45.9,-0.019,9569.0,2,6,29
3,0.0015,2.0,0.003,0.002,30,-4.32,36,41.7,-0.0223,9568.0,6,13,17
5,0.0015,3.0,0.005,0.002,30,-4.33,29,37.9,-0.0525,9567.0,1,12,16
3,0.0015,2.0,0.005,0.003,10,-4.35,37,45.9,-0.0199,9565.0,0,6,31
2,0.002,,0.005,0.002,20,-4.37,39,38.5,-0.0144,9563.0,3,16,20
5,0.0015,2.0,0.003,0.002,10,-4.37,43,48.8,-0.0038,9563.0,4,12,27
2,0.002,,0.003,0.002,10,-4.38,40,42.5,-0.0118,9562.0,2,10,28
2,0.002,,0.005,0.002,10,-4.41,40,42.5,-0.0126,9559.0,0,10,30
5,0.003,,0.003,0.002,20,-4.42,32,31.2,-0.041,9558.0,5,12,15
5,0.003,,0.003,0.003,30,-4.42,32,43.8,-0.0409,9558.0,6,8,18
5,0.0015,2.0,0.003,0.002,20,-4.44,43,51.2,-0.0055,9556.0,6,15,22
3,0.0015,2.0,0.003,0.003,20,-4.46,36,50.0,-0.0265,9554.0,4,9,23
2,0.002,,0.005,0.003,20,-4.47,37,40.5,-0.0233,9553.0,3,6,28
1,0.0015,,0.003,0.003,30,-4.48,39,46.2,-0.0172,9552.0,7,10,22
3,0.0015,2.0,0.003,0.003,30,-4.5,36,44.4,-0.0276,9550.0,7,10,19
2,0.002,,0.003,0.003,10,-4.5,39,41.0,-0.018,9550.0,2,4,33
2,0.002,,0.005,0.003,10,-4.54,39,41.0,-0.0189,9546.0,0,4,35
1,0.0015,,0.003,0.002,20,-4.6,41,39.0,-0.0146,9540.0,5,13,23
5,0.003,,0.003,0.003,20,-4.66,32,34.4,-0.0487,9534.0,5,6,21
5,0.0015,2.0,0.005,0.003,20,-4.66,41,51.2,-0.016,9534.0,2,10,29
5,0.0015,2.0,0.003,0.003,10,-4.72,43,48.8,-0.0124,9528.0,4,7,32
5,0.0015,2.0,0.003,0.002,30,-4.73,43,44.2,-0.0126,9527.0,8,15,20
5,0.0015,2.0,0.003,0.003,20,-4.85,43,53.5,-0.0154,9515.0,6,10,27
5,0.0015,2.0,0.005,0.003,30,-4.89,40,42.5,-0.025,9511.0,3,12,25
5,0.0015,2.0,0.005,0.002,10,-4.93,43,46.5,-0.0175,9507.0,0,13,30
1,0.0015,,0.003,0.002,30,-4.97,41,39.0,-0.0241,9503.0,7,17,17
5,0.0015,2.0,0.003,0.003,30,-5.1,43,46.5,-0.0216,9490.0,9,12,22
2,0.002,,0.003,0.002,30,-5.22,40,40.0,-0.0338,9478.0,6,18,16
2,0.002,,0.003,0.003,30,-5.25,38,44.7,-0.0417,9475.0,6,11,21
2,0.002,,0.003,0.002,20,-5.33,40,37.5,-0.0369,9467.0,5,17,18
5,0.0015,2.0,0.005,0.003,10,-5.38,43,46.5,-0.0284,9462.0,0,8,35
2,0.002,,0.003,0.003,20,-5.4,38,39.5,-0.0459,9460.0,4,7,27
3,0.002,,0.005,0.003,10,-5.79,52,40.4,-0.0144,9421.0,1,5,46
3,0.002,,0.005,0.002,10,-5.87,54,40.7,-0.0119,9413.0,1,14,39
3,0.002,,0.003,0.002,10,-6.47,55,40.0,-0.0215,9353.0,3,15,37
3,0.002,,0.003,0.003,10,-6.48,53,39.6,-0.0263,9352.0,3,6,44
5,0.002,,0.005,0.003,10,-6.92,71,42.3,-0.0008,9308.0,2,6,63
3,0.002,,0.005,0.003,20,-6.98,50,42.0,-0.0444,9302.0,3,12,35
5,0.002,,0.005,0.002,10,-6.99,72,40.3,-0.0004,9301.0,2,14,56
3,0.002,,0.003,0.002,30,-7.02,54,40.7,-0.0346,9298.0,8,25,21
3,0.002,,0.003,0.002,20,-7.16,54,38.9,-0.0374,9284.0,6,23,25
5,0.002,,0.003,0.003,10,-7.21,71,42.3,-0.0052,9279.0,4,6,61
3,0.002,,0.003,0.003,30,-7.28,51,47.1,-0.048,9272.0,8,17,26
2,0.0015,,0.005,0.002,10,-7.29,73,46.6,-0.0035,9271.0,1,16,56
5,0.002,,0.003,0.002,10,-7.3,72,40.3,-0.0052,9270.0,4,13,55
3,0.002,,0.005,0.002,20,-7.36,53,35.8,-0.044,9264.0,3,24,26
3,0.002,,0.005,0.002,30,-7.43,53,35.8,-0.0454,9257.0,4,26,23
2,0.0015,,0.003,0.002,10,-7.49,74,45.9,-0.005,9251.0,3,16,55
3,0.002,,0.003,0.003,20,-7.53,52,42.3,-0.0502,9247.0,5,13,34
2,0.0015,,0.005,0.003,10,-7.6,72,47.2,-0.0097,9240.0,1,8,63
2,0.0015,,0.005,0.003,30,-7.6,65,44.6,-0.0213,9240.0,5,17,43
2,0.0015,,0.003,0.003,10,-7.66,73,46.6,-0.0091,9234.0,3,8,62
3,0.002,,0.005,0.003,30,-7.87,50,42.0,-0.0637,9213.0,3,18,29
5,0.002,,0.005,0.002,20,-8.03,69,40.6,-0.0211,9197.0,6,26,37
2,0.0015,,0.005,0.003,20,-8.33,68,41.2,-0.0277,9167.0,4,13,51
5,0.002,,0.005,0.002,30,-8.42,69,36.2,-0.0272,9158.0,6,32,31
5,0.002,,0.003,0.002,20,-8.44,71,43.7,-0.024,9156.0,9,25,37
5,0.002,,0.005,0.003,20,-8.49,67,44.8,-0.0321,9151.0,5,16,46
5,0.002,,0.003,0.002,30,-8.67,71,39.4,-0.0275,9133.0,12,31,28
2,0.0015,,0.003,0.002,20,-8.87,73,38.4,-0.0271,9113.0,8,25,40
2,0.0015,,0.003,0.003,30,-9.03,68,44.1,-0.0388,9097.0,11,19,38
2,0.0015,,0.005,0.002,20,-9.13,72,36.1,-0.0328,9087.0,3,26,43
2,0.0015,,0.003,0.003,20,-9.19,70,41.4,-0.0375,9081.0,7,13,50
2,0.0015,,0.005,0.002,30,-9.3,71,35.2,-0.0372,9070.0,5,32,34
2,0.0015,,0.003,0.002,30,-9.31,73,38.4,-0.0336,9069.0,12,32,29
5,0.002,,0.005,0.003,30,-9.34,66,37.9,-0.0483,9066.0,5,22,39
5,0.002,,0.003,0.003,30,-9.41,68,41.2,-0.0451,9059.0,12,21,35
5,0.002,,0.003,0.003,20,-9.5,70,45.7,-0.0424,9050.0,8,16,46
3,0.0015,,0.003,0.002,10,-9.79,94,41.5,-0.0095,9021.0,6,23,65
3,0.0015,,0.005,0.002,10,-9.86,93,40.9,-0.0115,9014.0,0,23,70
3,0.0015,,0.003,0.003,10,-10.31,92,41.3,-0.0182,8969.0,6,11,75
3,0.0015,,0.005,0.003,10,-10.41,91,40.7,-0.0206,8959.0,0,12,79
3,0.0015,,0.005,0.002,20,-11.58,88,35.2,-0.0396,8842.0,4,38,46
3,0.0015,,0.005,0.003,20,-11.68,84,38.1,-0.0477,8832.0,4,20,60
3,0.0015,,0.003,0.002,20,-11.74,91,38.5,-0.037,8826.0,10,37,44
3,0.0015,,0.005,0.003,30,-11.84,82,37.8,-0.0533,8816.0,5,26,51
3,0.0015,,0.005,0.002,30,-11.87,88,33.0,-0.0434,8813.0,6,42,40
3,0.0015,,0.003,0.003,20,-12.2,87,40.2,-0.0493,8780.0,9,20,58
3,0.0015,,0.003,0.002,30,-12.29,91,35.2,-0.0439,8771.0,14,41,36
5,0.0015,,0.005,0.002,10,-12.33,118,42.4,-0.0114,8767.0,2,23,93
5,0.0015,,0.003,0.002,10,-12.42,119,42.9,-0.0113,8758.0,9,22,88
5,0.0015,,0.005,0.003,10,-12.72,116,42.2,-0.0171,8728.0,2,11,103
5,0.0015,,0.003,0.003,10,-12.76,117,42.7,-0.0165,8724.0,9,10,98
3,0.0015,,0.003,0.003,30,-12.96,86,38.4,-0.0611,8704.0,13,27,46
5,0.0015,,0.003,0.002,30,-13.79,112,41.1,-0.0323,8621.0,15,45,52
5,0.0015,,0.005,0.002,30,-13.92,109,36.7,-0.0373,8608.0,7,46,56
5,0.0015,,0.003,0.003,30,-14.1,105,42.9,-0.0445,8590.0,15,29,61
5,0.0015,,0.005,0.002,20,-14.37,112,36.6,-0.0383,8563.0,7,43,62
5,0.0015,,0.003,0.002,20,-14.5,115,39.1,-0.0361,8550.0,12,42,61
5,0.0015,,0.005,0.003,30,-14.6,103,37.9,-0.0529,8540.0,6,30,67
5,0.0015,,0.005,0.003,20,-15.07,108,38.0,-0.051,8493.0,6,24,78
5,0.0015,,0.003,0.003,20,-15.19,109,39.4,-0.051,8481.0,10,22,77
